id,source,url,title,published_ts,fetched_ts,body_excerpt,coins,created_at,updated_at
1,coindesk,https://ambcrypto.com/top-6-telegram-games-to-play-in-november-2025/,Top 6 Telegram games to play in November 2025,2025-11-11 19:45:41.000000 +00:00,2025-11-11 21:45:16.280745 +00:00,Telegram has steadily evolved from a messaging app into one of the most active hubs,{},2025-11-11 21:45:16.280745 +00:00,2025-11-11 21:45:16.280745 +00:00
2,coindesk,https://en.coin-turk.com/capos-bold-cryptocurrency-forecast-strikes-again/,Capo’s Bold Cryptocurrency Forecast Strikes Again,2025-11-11 19:50:00.000000 +00:00,2025-11-11 21:45:16.283640 +00:00,"Capo's cryptocurrency forecasts have gained attention with accurate predictions. Bitcoin reached $107,500 before stabilizing around $103,000. Continue Reading: Capo’s Bold Cryptocurrency Forecast Strikes Again The post Capo’s Bold Cryptocurrency Forecast Strikes Again appeared first on COINTURK NEWS .",{BTC},2025-11-11 21:45:16.283640 +00:00,2025-11-11 21:45:16.283640 +00:00
3,coindesk,https://cryptonews.com/news/zec-price-prediction-20-correction-after-1200-rally-is-this-the-dip-to-buy/,"ZEC Price Prediction: 20% Correction After 1,200% Rally – Is This the Dip to Buy?",2025-11-11 19:50:09.000000 +00:00,2025-11-11 21:45:16.288612 +00:00,"Zcash plunged over 20% in 24 hours to $479, extending the correction to 45.6% from $880 peaks reached after a 1,200% rally from October lows near $32. The pullback has ignited debate over whether weakness indicates a reversal or a setup for continuation, with the token still up 14% weekly and maintaining its position among the cycle’s strongest performers. Source: TradingView This dip occurred as the Zcash Foundation announced leadership appointments, promoting Pili Guerra to Head of Engineering and Danika Delano to Chief Operating Officer. Community Maintains Conviction Through Volatility Analyst Eric Van countered bearish narratives, noting Zcash can fall to a lower trendline and remain bullish with a higher low intact. He emphasized bearish volume shows exhaustion, with lower highs carrying less weight than lower lows that form trend foundations. Van stated he will alert followers if genuine breakdown signs emerge. Lot's of bears coming out saying #ZEC is going into a free fall. Let me bring some emotionless reality back to the forefront. Zcash can fall all the way down to this lower trend line and it's still bullish because it's still a higher low within the overall trend. I am seeing… pic.twitter.com/khp07bSSqv — Eric Van Tassel (Not a Financial Advisor!) (@XRPathologist) November 10, 2025 Thor Torrens, a former adviser to POTUS, also reminded followers that his group bought at $17, making current prices unfazed. He responded to government acceptance questions by referencing the evolution of HTTPS, stating that governments will use Zcash or stablecoins with zero-knowledge proofs for Web3, as they adopted HTTPS for Web1. Torrens cited Jerome Powell’s statements about avoiding public ledgers, calling ZEC “ hidden in plain sight. “ Yes govts will use Zcash and or stables with zero knowledge proofs for web 3 for the same reason they evolved to HTTPS for web 1 It will become the standard on chain Jerome Powell said it himself – they aren’t interested in a public ledger. Read between the lines $ZEC hidden… https://t.co/09TK0vZLan pic.twitter.com/6z5zTUzf3a — Thor Torrens (@ThorTorrens) November 11, 2025 Currently, price consolidates inside a bull flag pattern following the late October surge. The hype and excitement surrounding it built up and rallied it throughout last month. However, today’s dip close would invalidate this bullish streak, potentially delaying the $1000 breakout hypothesis. Multiple Support and Breakout Zones Await Ichimoku Cloud analysis reveals rejection from the red cloud at $793 after the price touches resistance. Current positioning requires holding the orange cloud at $342 for a strong bounce toward the red cloud. Source: X/@CheekAnalytics Failure to hold might trigger a decline to a purple cloud around $160, representing a 66% additional drop from current levels. According to the analyst, the framework shows extreme greed sentiment with the indicator, suggesting euphoric levels typically marking tops rather than midpoints. A prior warning at $586 predicted a maximum upside of $600-$1,400 before ZEC peaked near $880. There was a parabolic trendline from $32 to $880, which analysts believe indicates a breakdown with typical 60-70% corrections, suggesting targets of around $264-$352, which aligns with the orange cloud support at $342. Bounces can be volatile during parabolic breakdowns, creating counter-trend rallies that trap participants. Additionally, liquidity zones identify immediate support at $480-$500 (Zone #1) and secondary support at $420-$440 (Zone #2). According to Analyst Ardi , the Bullish Shark harmonic pattern around this zone forms with 38.2% Fibonacci retracement aligning with the neckline, carrying a 62% historical success rate. Loss of the first zone might trigger a support test at the second zone before approaching the orange cloud. Currently, a successful hold at liquidity zones with Bullish Shark completion enables a bounce toward the $525 neckline resistance and potentially $550-$600. High-Leverage Trading Meets Meme Culture Zcash volatility creates opportunities across altcoin markets. Maxi Doge is one of those, as it combines meme culture with futures trading, offering leverage up to 1,000x. The MAXI token allows high-risk strategies to be executed through a dedicated platform. The presale raised over $3.9 million from retail and whale backers. It also has a weekly competitions that reward participants with MAXI and USDT, while also providing staking yields of around 80%. Additionally, upcoming listings approach alongside multi-chain deployments on Binance Smart Chain and Solana. It also has gamified tournaments that keep sustaining engagement. To join Maxi Doge, visit the official website and connect your wallet. Participate using crypto or a bank card. Visit the Official Website Here The post ZEC Price Prediction: 20% Correction After 1,200% Rally – Is This the Dip to Buy? appeared first on Cryptonews .",{},2025-11-11 21:45:16.288612 +00:00,2025-11-11 21:45:16.288612 +00:00
4,coindesk,https://bitcoinworld.co.in/cftc-chairman-nominee-hearing/,Crucial CFTC Chairman Nominee Hearing Set as Government Shutdown Ends,2025-11-11 19:55:10.000000 +00:00,2025-11-11 21:45:16.290972 +00:00,"BitcoinWorld Crucial CFTC Chairman Nominee Hearing Set as Government Shutdown Ends The cryptocurrency world holds its breath as Washington prepares for a pivotal moment in regulatory oversight. With the government shutdown expected to lift, the Senate Agriculture Committee has scheduled a confirmation hearing for CFTC chairman nominee Mike Selig next Wednesday. This hearing represents a critical juncture for digital asset regulation in the United States. Why Does This CFTC Chairman Nominee Matter for Crypto? Mike Selig brings unique credentials to the table as the potential CFTC chairman nominee. His background as a former senior legal advisor to the SEC’s crypto task force gives him deep understanding of digital asset regulation. This expertise positions him perfectly to navigate the complex landscape of cryptocurrency oversight. The timing couldn’t be more significant. As the crypto market continues to evolve, regulatory clarity becomes increasingly important. Selig’s confirmation could signal a new era of: Clearer regulatory frameworks for digital assets Enhanced consumer protection measures Improved market stability through consistent oversight Better institutional adoption pathways What to Expect from the Confirmation Process The Senate Agriculture Committee will scrutinize Selig’s qualifications and vision for the CFTC. Given his background with the SEC’s crypto task force, committee members will likely focus on his approach to digital asset regulation. Key areas of inquiry will probably include: How he plans to balance innovation with investor protection, his views on jurisdictional boundaries between the CFTC and SEC, and his strategy for handling emerging crypto derivatives products. The hearing represents a crucial step toward establishing consistent regulatory standards. How Will This Impact Crypto Markets? Market participants closely watch regulatory developments, and this CFTC chairman nominee confirmation could have significant implications. A smooth confirmation process might boost market confidence, while any contentious issues could create uncertainty. Selig’s extensive experience with cryptocurrency regulation suggests he understands the need for balanced oversight that doesn’t stifle innovation. The crypto industry needs regulatory certainty to thrive. With Selig’s background, many hope he can provide the leadership necessary to create clear guidelines. This could ultimately benefit everyone from retail investors to large institutions entering the space. The Road Ahead for Crypto Regulation As the CFTC chairman nominee moves through the confirmation process, the entire cryptocurrency ecosystem watches with anticipation. Selig’s potential leadership comes at a time when regulatory clarity is more important than ever. His experience with the SEC’s crypto task force suggests he understands both the opportunities and challenges presented by digital assets. The confirmation of this particular CFTC chairman nominee could mark a turning point in how the United States approaches cryptocurrency regulation. With his unique background and expertise, Selig appears well-positioned to guide the CFTC through the complex world of digital asset oversight. FAQs Who is Mike Selig? Mike Selig is the CFTC chairman nominee and former senior legal advisor to the SEC’s crypto task force, bringing extensive cryptocurrency regulatory experience. When is the confirmation hearing? The Senate Agriculture Committee plans to hold the confirmation hearing next Wednesday, following the expected end of the government shutdown. Why is this hearing important for crypto? The CFTC plays a crucial role in regulating cryptocurrency derivatives and futures markets, making leadership decisions vital for market stability. What is Selig’s background in crypto regulation? He served as senior legal advisor to the SEC’s crypto task force, giving him deep understanding of digital asset regulatory challenges. How might this affect cryptocurrency markets? Clear regulatory leadership can boost market confidence and provide certainty for investors and businesses operating in the crypto space. What happens after the hearing? The committee will vote on whether to advance the nomination to the full Senate for final confirmation. Found this analysis helpful? Share this crucial regulatory update with others in the crypto community who need to stay informed about important developments affecting digital asset regulation. To learn more about the latest cryptocurrency regulatory trends, explore our article on key developments shaping cryptocurrency institutional adoption. This post Crucial CFTC Chairman Nominee Hearing Set as Government Shutdown Ends first appeared on BitcoinWorld .",{},2025-11-11 21:45:16.290972 +00:00,2025-11-11 21:45:16.290972 +00:00
5,coindesk,https://news.bitcoin.com/bitcoin-and-ether-etfs-log-third-largest-weekly-outflows-on-record/,Bitcoin and Ether ETFs Log Third-Largest Weekly Outflows on Record,2025-11-11 19:57:46.000000 +00:00,2025-11-11 21:45:16.292938 +00:00,"Bitcoin and ether ETFs faced a brutal week, shedding a combined $1.73 billion in capital, the third-largest outflow on record for both asset classes. Solana ETFs, however, continued to stand out, securing $137 million in inflows and cementing investor confidence amid a market-wide retracement. Crypto ETFs Bleed Billions as Solana Shines With $137 Million Inflows","{BTC,ETH,SOL}",2025-11-11 21:45:16.292938 +00:00,2025-11-11 21:45:16.292938 +00:00
6,coindesk,https://en.bitcoinsistemi.com/breaking-coinbases-previously-announced-2-billion-deal-has-been-called-off/,BREAKING: Coinbase’s Previously Announced $2 Billion Deal Has Been Called Off,2025-11-11 19:59:06.000000 +00:00,2025-11-11 21:45:16.296104 +00:00,"Cryptocurrency exchange Coinbase has ended its acquisition talks with UK-based stablecoin infrastructure company BVNK, which is valued at approximately $2 billion. A Coinbase spokesperson confirmed to Fortune that the two companies entered into an exclusivity agreement in October and conducted a thorough due diligence process. However, the parties ultimately decided not to move forward with the agreement. No explanation was provided for the decision. With this development, one of the largest acquisition attempts in the stablecoin sector has become history. Negotiations between Coinbase and BVNK had progressed significantly following the October exclusivity period. During this period, BVNK was unable to consider other offers. However, the parties abandoned the negotiations after due diligence. BVNK provides infrastructure for stablecoin-based payments, cross-border money transfers, and enterprise use cases. Had the deal been completed, the acquisition would have reached approximately $2 billion, nearly double the value of fintech giant Stripe's $1.1 billion acquisition of Bridge in February. *This is not investment advice. Continue Reading: BREAKING: Coinbase’s Previously Announced $2 Billion Deal Has Been Called Off",{},2025-11-11 21:45:16.296104 +00:00,2025-11-11 21:45:16.296104 +00:00
7,coindesk,https://www.cryptopolitan.com/dogecoin-could-totally-go-burst-as-this-doge-competitor-emerges-as-the-next-crypto-to-explode/,Dogecoin Could “Totally Go Burst” As This DOGE Competitor Emerges As The Next Crypto To Explode,2025-11-11 20:00:00.000000 +00:00,2025-11-11 21:45:16.297915 +00:00,"The cryptocurrency markets have been facing very tumultuous times, exemplified in the meme coins such as Dogecoin (DOGE), which have faced extreme corrections. DOGE has faced a fall of more than 35% in the last month, trading at approximately $0.1610. But one pseudonymous analyst detects a reversal, pointing to a symmetrical triangle formation, signaling a potentially “explosive burst upwards” for DOGE. Even as this techno-economic assessment paints a positive picture, another DeFi token is on the rise, blending novel mechanics along with actual use value, making it the next crypto set to explode on the market for those looking to generate high returns on their investment. The ongoing altcoin development venture is not only banking on hype but has a strong basis for those looking for the best crypto to buy today. The Dogecoin Delicate The price movement of Dogecoin has been depicted as a symmetrical triangle, a kind of graphical formation on the charts, which is a result of successive lower highs and higher lows. The analyst expects a strong breakout, as the testing of the bottom line could see a sudden acceleration on the higher side. The trend, which has been noted from June 2024 to November 2025, indicates a burst in the positive direction, although this is a high-risk investment as it is meme-driven. Investors have consequently become increasingly interested in projects with strong ecosystems, as they shift their attention to a defi crypto token, which provides more than just speculative attraction. This development highlights a trend where utility takes precedence over trends. It, therefore, becomes paramount to determine which form of altcoin can lead to growth. Mutuum Finance – The Ultimate DOGE Alternative Mutuum Finance (MUTM) , is proving why it has been identified as the potential next crypto to explode, as its presale has reached some remarkable milestones. The fact that it has raised a staggering $18,580,000 from 17,850 investors indicates a level of trust among investors. It is in phase 6, where tokens can be purchased for $0.035, a price increase of 250% from the initial cost of $0.01. A sense of urgency is becoming increasingly important as it is estimated that Phase 6 is well over 90% filled, marking the last opportunity to acquire MUTM at this price point. Once Phase 6 has been filled, Phase 7 will go live, featuring a 20% spike in cost to $0.040, setting the current investors up for a 400% ROI on launch at $0.06. This is a point of value for those looking for the best crypto to buy today as a missed investment could be a missed opportunity. Adding on to the community-oriented model, Mutuum Finance has recently launched a huge giveaway of $100,000 to thank the growing community of supporters. In this giveaway, ten lucky winners will be gifted $10,000 worth of MUTM tokens. This initiative will infuse value directly into the participants’ accounts. This is because it not only creates a sense of loyalty, it also boosts organic growth, making MUTM a unique cryptocurrency in a crowded marketplace. In fact, it confirms the prestige of MUTM as a defi cryptocurrency because it takes the initiative to consider the loyalty of its members, a fact that creates immense hype in the marketplace. Effortless Card Purchases Speed Up Adoption Mutuum Finance has also eased the accessibility of investors by allowing buyers to purchase MUTM tokens directly using credit cards or debit cards , without setting a limit on purchases. The removal of the conventional limitations has made it easy for investors to acquire the token instantly. This step has not only improved liquidity but has also made MUTM the best cryptocurrency to buy today for those looking for a seamless entry option into a promising venture. The fact that tokens can be acquired effortlessly, combined with the strong fundamentals, makes it an irresistible investment option for those looking to break into the next crypto to explode. Even while the potential explosion of Dogecoin is a purely speculative bet, MUTM has a very practical investment opportunity. The success of MUTM’s presale, giveaway, as well as easy buy procedures, provides a very attractive story for continued success. Investors are quickly learning about a very important fact about MUTM, namely, it’s not just another alternative coin, but a defi crypto designed for appreciation. While the final tokens in phase 6 are being accumulated, it becomes increasingly important to act on this remarkable investment opportunity as the window to be a part of this project expires. For more information about Mutuum Finance (MUTM) visit the links below: Website: https://mutuum.com/ Linktree: https://linktr.ee/mutuumfinance",{DOGE},2025-11-11 21:45:16.297915 +00:00,2025-11-11 21:45:16.297915 +00:00
8,coindesk,https://www.cryptopolitan.com/the-next-big-crypto-beyond-bitcoin-and-ethereum/,The Next Big Crypto: Beyond Bitcoin and Ethereum,2025-11-11 20:00:00.000000 +00:00,2025-11-11 21:45:16.300539 +00:00,"For more than a decade, Bitcoin and Ethereum have defined the cryptocurrency landscape. The first as a store of value, the second as the foundation of all things DeFi. But as the market evolves and investors become more selective, a new question arises: what if the next big crypto story isn’t either of them? 2025 is opening the door to a new generation of projects focused on utility, real returns, and transparency. Among them, RentStac (RNS) is emerging as one of the strongest candidates to lead the next phase of decentralized finance. RentStac (RNS): the crypto anchored to the real world While most tokens rely on narrative and hype, RentStac (RNS) stands out with a tangible approach: connecting real estate to the blockchain. Each token represents legal ownership shares held in registered Special Purpose Vehicles (SPVs) that generate real rental income. Investors receive monthly returns directly verified on-chain, transforming real estate, traditionally an illiquid asset into a passive income stream accessible to anyone. For the first time, DeFi meets the concrete value of property. The timing advantage: presale momentum The RentStac (RNS) presale is booming. The token is currently in Phase 1 at $0.025, with more than $675,000 already raised and a 100% bonus active for early participants. This means every purchase instantly doubles the number of tokens received. By the end of the presale, the price will reach $0.52, guaranteeing a 1,980% increase for those who join today. With a projected valuation of $1 after listing, a $10,000 investment could be worth more than $800,000 within weeks. DeFi built on fundamentals, not promises The strength of RentStac (RNS) lies in its economic structure: a dual-yield model that combines token growth with passive income. All holders benefit from buybacks and burns funded by property-generated cash flows. Those who want to maximize returns can stake their tokens and earn additional rewards. It is a deflationary, real, and sustainable system designed to withstand the volatility that has hindered much of traditional DeFi. Security and transparency verified RentStac has achieved a 92.48% score on SolidityScan, is undergoing a CertiK audit, and is officially listed on CoinMarketCap. All funds are secured in multi-signature wallets, with every transaction validated by independent oracles. Properties are managed by experienced real estate professionals, and all cash flows are recorded on-chain to ensure maximum transparency. The trend surpassing Bitcoin and Ethereum According to the World Economic Forum, more than $10 trillion in real-world assets will be tokenized by 2030. While Bitcoin remains a store of value and Ethereum an infrastructure, the new frontier of growth lies in real-world assets (RWA). RentStac (RNS) is at the forefront of this revolution, bringing the stability of real estate into the DeFi ecosystem and creating a bridge between traditional economy and decentralized finance. Growth that speaks for itself Interest in RentStac has surged within days. The international community is expanding rapidly, with mentions on CryptoDaily, Binance, CoinMarketCap, and TechBullion. The team has already outlined a multi-chain expansion plan across Ethereum, Polygon, and BSC, aiming to reach major real estate markets in Europe and Asia-Pacific. The message is clear: while many tokens chase a narrative, RentStac (RNS) is building an ecosystem. Conclusion The next big name in the crypto economy may not be Bitcoin or Ethereum, but a project capable of uniting the digital and real worlds. With its secure architecture, on-chain transparency, and property-backed returns, RentStac (RNS) represents the new generation of DeFi: sustainable, profitable, and concrete. If the next great crypto were to emerge today, the chances of it being RentStac (RNS) are higher than ever. Visit rentstac.com and discover how to join the real asset revolution.","{BTC,ETH}",2025-11-11 21:45:16.300539 +00:00,2025-11-11 21:45:16.300539 +00:00
9,coindesk,https://bitcoinist.com/xrp-spot-etfs-on-dtcc-websites/,Attention – XRP Spot ETFs On The DTCC Websites Just Set A New Record,2025-11-11 20:00:09.000000 +00:00,2025-11-11 21:45:16.303370 +00:00,"The number of XRP ETFs on the DTCC website has increased even as these funds prepare for launch. Expert Nate Geraci noted that the first ‘33 Act XRP ETF could launch this week, which is a positive for XRP. Record XRP ETFs Now Listed On The DTCC Website DTCC data shows that nine XRP ETFs have now been listed on the site, which signals the readiness of some of these funds ahead of a possible launch this month. These ETFs include funds by Bitwise, Canary Capital, Franklin Templeton , Volatility Shares, 21Shares, CoinShares, and Amplify. Notably, the funds from Bitwise, Canary, 21Shares, CoinShares, and Franklin Templeton are spot XRP ETFs that are preparing to launch. Bitcoinist had earlier reported that Canary Capital’s XRP fund could launch by November 13 after the asset manager filed an amendment that removed the delaying amendment on its registration statement. Now, the asset is set to launch its XRP ETF with its 8-A filing showing approval to list on the Nasdaq. As market expert Nate Geraci noted , the Canary fund would be the first ‘33 Act XRP spot ETF to launch. Asset manager REX Osprey had earlier launched an XRP spot ETF under the ‘40 Act, but the fund doesn’t 100% spot XRP. Meanwhile, XRP spot ETF issuers Bitwise and Grayscale have also amended their S-1 filings, signaling their intention to launch soon. All spot XRP funds could also launch soon, with the U.S. government shutdown likely to end as early as this week. The Senate has already passed the funding bill, meaning the SEC could resume fully by next week and proceed to approve the pending ETF applications. Geraci also confirmed that an end to the shutdown would open the floodgates for crypto ETFs . There are seven pending XRP spot ETFs that could all launch once the U.S. government shutdown ends. XRP Surges Over 12% Amid ETF and Government Reopening Optimism The XRP price surged over 12% on November 10 amid optimism over the XRP spot ETF launch and the reopening of the U.S. government. The launch of the XRP funds could drive more liquidity into the XRP ecosystem, which is bullish for its price. Moreover, Canary Capital CEO Steven McClurg has predicted that the XRP funds could see up to $5 billion in inflows in their first month. Market research firm Sistine Research noted that XRP’s recent performance isn’t surprising considering that developments such as the potential Ripple banking license approval, CLARITY Act, and ETFs all benefit the altcoin more than any other major crypto asset. At the time of writing, the XRP price is trading at around $2.48, up in the last 24 hours, according to data from CoinMarketCap.",{XRP},2025-11-11 21:45:16.303370 +00:00,2025-11-11 21:45:16.303370 +00:00
10,coindesk,https://www.newsbtc.com/analysis/xrp/xrp-to-lead-the-next-bull-rally/,XRP Set To Lead The Next Bull Rally: Crypto Research Firm Blows The Lid Open,2025-11-11 20:00:22.000000 +00:00,2025-11-11 21:45:16.305930 +00:00,"XRP is once again making headlines after a top crypto research firm issued a bold forecast, declaring it “the fastest horse” on the next bull market rally. The statement has reignited enthusiasm across the XRP community, with many investors and traders agreeing despite the token’s history of volatility and past declines. Sistine Research Sees Major Shift For XRP Market analysis platform Sistine Research has shared its outlook on X social media, saying XRP is the best-looking major digital asset in the current market cycle. The firm described XRP as the fastest mover following recent government developments that are expected to reshape the interaction between digital assets and traditional finance. Related Reading: Analyst Says 300% XRP Price Rally To $10 Is Fair, Here’s Why Sistine Research believes that several upcoming events could heavily favour XRP in the long run. Among them are a potential banking charter approval for Ripple, the introduction of the CLARITY Act, and the possibility of XRP Exchange-Traded Funds (ETFs). The research firm has revealed that these key developments would give Ripple a stronger foothold in global finance and expand XRP’s use case in payments and banking. In a subsequent post, Sistine Research went even further, suggesting that Ripple could soon become a fully licensed bank. The post warned that some people might downplay this milestone, but emphasized that it would be a very bullish sign for the XRP price. Such recognition and the ensuing adoption could make XRP one of the first digital assets, other than stablecoins, deeply connected to global banking infrastructure, setting it apart from other major cryptocurrencies. Related Reading: Rare Chart Formation That Led To An 87% XRP Price Crash Has Resurfaced Notably, Sistine Research’s outlook on XRP aligns with Ripple’s long-term vision of bridging the gap between blockchain technology and traditional finance through the use of digital assets. With regulatory clarity achieved following the resolution of its legal battle with the US SEC, XRP now faces fewer obstacles to growth and development as it continues to solidify its role in the rapidly evolving crypto and financial landscape. Analyst Charts XRP’s Bullish Path To $2.7 The price of XRP is currently at $2.5, having experienced a slight recovery after weeks of choppy action and volatility. Crypto analyst Kamran Asghar has reinforced his optimistic forecast with his latest technical breakdown on X. He noted that XRP has broken out of a symmetrical triangle pattern and surged to about $2.5. He described this as a strong move that suggests that the cryptocurrency is “reloading” for the next phase of its bull rally. According to Asghar’s TradingView chart, the key support zone lies near $2.35. He expects a short pullback to that level before another leg higher. This implies that XRP could see a temporary 6% decline from current levels. Subsequently, if support holds, Asghar predicts a confirmed rally toward $2.7, representing an almost 15% price increase and marking the next resistance area for XRP. Featured image from Adobe Stock, chart from Tradingview.com",{XRP},2025-11-11 21:45:16.305930 +00:00,2025-11-11 21:45:16.305930 +00:00
11,coindesk,https://www.cryptopolitan.com/berachain-refund-update-balancer-hack/,Berachain reports that nearly all funds lost in the Balancer-linked exploit have now been recovered,2025-11-11 20:00:32.000000 +00:00,2025-11-11 21:45:16.308409 +00:00,"Berachain Foundation has sent an update on X to its users affected by last week’s exploit. The foundation overseeing the blockchain reported near-total recovery of lost funds and shared its plan for user reimbursements. The platform halted operations earlier this month to contain the attack and said it will soon launch a claims page allowing depositors to reclaim their assets. https://t.co/mRXOtT6wMG — Berachain Foundation 🐻⛓ (@berachain) November 10, 2025 An exploit and a white-hat recovery Balancer V2’s Composable Stable Pools exploit , which also affected other chains, with as much as $128 million in losses across various chains, including Berachain’s decentralized exchange, BEX, which runs on a fork of Balancer V2’s codebase, lost around $12 million. The team responded by pausing all affected vaults and liquidity pools, suspending HONEY minting, and coordinating a network-wide emergency stop among validators. A white-hat actor that reportedly claimed to be behind the exploit contacted the foundation and offered to return the stolen funds. The hacker pre-signed transactions to return the assets to Berachain’s deployer address upon the chain’s restart, which resumed operations on November 4. The funds had been transferred back to the foundation’s wallet. Berachain also shared a detailed breakdown that shows the recovered assets: 5.7 million sUSDe, 2.15 million USDe, 3.2 million HONEY, and smaller amounts of wBERA, iBERA, wETH, and beraETH. Excluding minor discrepancies and white-hat-owned tokens that are still being processed, the recovery covers nearly the entire value affected by the exploit. Refund process and user verification Berachain shared a multi-tab spreadsheet in the same post on X . The spreadsheet includes affected addresses, token balances, and estimated recoveries across each pool category. It said that exploited pools would be placed in “emergency withdrawal mode” on Wednesday, November 12, to allow users to withdraw any remaining balances from BEX before claim redemptions begin. The claims page, which will facilitate the redistribution of recovered assets, is currently being reviewed for quality assurance and community. “To compute how much each user is entitled for redistribution, we identified each user’s percentage ownership of the pool before the exploit,” the team explained. “We then computed each user’s pro rata share of recovered funds based on that percentage and validated the result by cross-checking post-exploit ownership figures.” “We will keep running checks and collecting feedback regarding the distribution of recovered funds until the final recovery claim is live,” the foundation said, noting that some minor adjustments could occur as verifications continue. What’s next for Berachain? Berachain’s coordination with validators and its collaboration with security researchers and service providers such as LayerZero, RedStone, and Pyth can be said to have helped contain potential spillover effects. The chain was offline for roughly 30 hours before it was restarted, with no damage to consensus-layer operations or unrelated dApps, according to Berachain. Berachain Foundation stated in its post-mortem report that it will integrate Balancer’s forthcoming post-mortem patches, retire the compromised pool types, and conduct external audits before reactivating BEX. Join Bybit now and claim a $50 bonus in minutes",{},2025-11-11 21:45:16.308409 +00:00,2025-11-11 21:45:16.308409 +00:00
12,coindesk,https://ambcrypto.com/heres-why-blackrock-thinks-altcoin-etfs-are-totally-worthless/,Here’s why BlackRock thinks altcoin ETFs are ‘totally worthless’,2025-11-11 20:00:49.000000 +00:00,2025-11-11 21:45:16.310192 +00:00,BlackRock still hold $100B crypto despite the recent market correction,"{BTC,ETH,SOL}",2025-11-11 21:45:16.310192 +00:00,2025-11-11 21:45:16.310192 +00:00
13,coindesk,https://en.bitcoinsistemi.com/when-will-altcoins-finally-start-booming-market-maker-company-reveals-the-necessary-major-condition/,When Will Altcoins Finally Start Booming? Market Maker Company Reveals the Necessary Major Condition,2025-11-11 20:05:09.000000 +00:00,2025-11-11 21:45:16.312379 +00:00,"Cryptocurrency market maker Wintermute has published a comprehensive report shedding light on the current state of the market and altcoin dynamics. “Bitcoin and Ethereum Need to Take the Lead” According to the report, while positioning has largely reset, a broad-based rally on the altcoin side will require majors like Bitcoin and Ethereum to reclaim the lead. The firm also believes that upcoming regulatory and political headlines in the US will be the next volatility trigger. Wintermute noted a marked shift in the market tone this week, noting that “the dust has largely settled” following the harsh liquidations in October, with positions easing and a more balanced tone replacing the fragile tone. The report emphasizes that digital assets still lag behind other risk assets, noting that positive headlines are supporting risk appetite, albeit to a limited extent. Trump's $2,000 “stimulus” proposal, floated over the weekend, and expectations that the US government shutdown may be ending have reopened investors to selective risk-taking. Despite this, there hasn't yet been any significant momentum in crypto inflows. Bitcoin held between $105,000 and $107,000 throughout the week, while Ethereum hovered around $3,700. Despite outflows from ETFs, both major assets remained resilient. Altcoins, on the other hand, started the week with a rally but remained extremely volatile. Wintermute noted that only a few altcoins (FIL, AR, and a few others) showed strong performance, demonstrating the limited market breathing space. On the macro side, the picture is supportive: interest rate cuts are progressing, the balance sheet tightening (QT) is complete, and global easing efforts are underway. The rapid decline in the SOFR rate is a reflection of this. However, crypto is responding less effectively than other risk assets. The speculative layer has thinned, rallies are short-lived, and capital remains heavily concentrated in large assets. Related News: Historic Moment Has Arrived: XRP Spot ETF Will Soon Begin Trading - Here's the Date and Time Historical data shows that altcoin rallies typically begin when Bitcoin is trading near all-time highs. BTC is currently 16% below its peak. In this region, the probability of Bitcoin outperforming altcoins is 54%, rising to 58% as the price approaches $100,000. According to Wintermute, this explains why last week's surges for “dinosaur coins” like FIL, ICP, and FET appeared so fragile and quickly fizzled out. The report notes, however, that not all altcoins are completely lifeless. Decreasing regulatory uncertainty and expectations that the US domestic market could reopen have positioned some strong catalysts, such as HYPE, ENA, and UNI, better than the majors. However, the broader altcoin market still behaves like an options market: short-lived momentum spikes, trends that don't last, and moves that don't last long without directional confirmation from BTC. Wintermute describes the overall picture as a “reversal phase.” Positioning has cleared, sentiment has improved, and the market feels more balanced after a long period of volatility. The firm argues that “the next round of leadership should come from Bitcoin and Ethereum,” and that altcoins can only transition to a broad-based rally once BTC approaches its peaks. *This is not investment advice. Continue Reading: When Will Altcoins Finally Start Booming? Market Maker Company Reveals the Necessary Major Condition",{BTC},2025-11-11 21:45:16.312379 +00:00,2025-11-11 21:45:16.312379 +00:00
14,coindesk,https://timestabloid.com/finance-strategist-if-you-hold-xrp-i-have-news-for-you/,"Finance Strategist: If You Hold XRP, I Have News for You",2025-11-11 20:05:13.000000 +00:00,2025-11-11 21:45:16.314819 +00:00,"The crypto market stands at a critical turning point, and XRP is once again in the spotlight . After several weeks of indecision, the digital asset has reached a moment that could decide its next major move. In a recent YouTube video, Steph delivered an urgent update to the XRP community. “This is literally the moment of truth for crypto and for XRP. We are right now at a key turning point,” he said, warning that XRP’s next weekly close may define both its short-term and long-term trajectory. The Key Technical Level Steph focused his analysis on XRP’s weekly chart. He explained that the coin is currently trading around the 50-week simple moving average (SMA). This level, he said, lies between $2.54 and $2.56. He also corrected a chart label error, clarifying, “On the top left side of the screen, it says 200 SMA, but this should be the 50 SMA.” IF YOU HOLD #XRP I GOT NEWS FOR YOU!!!!!!!!!!! (urgent) Watch asap! https://t.co/QaKdrzJfLt pic.twitter.com/4Vq3p6DQE7 — STEPH IS CRYPTO (@Steph_iscrypto) November 10, 2025 According to Steph, this moving average has historically served as a powerful indicator of trend reversals. “Back in 2018, the moment XRP broke below this moving average with a weekly close, that was a bear market confirmation signal,” he explained. “Also in 2021, the moment we closed below was a bear market confirmation signal.” He stressed that the current setup mirrors those previous moments. “We broke below it and the weekly candle, which closed yesterday, actually closed below this moving average. So this is by no means anything bullish.” What XRP Needs for a Bullish Reversal Steph outlined exactly what would be required to shift the outlook back to bullish. “For me to confirm a bullish reversal or to invalidate any potential bearishness for XRP, we would need to see the weekly candle — so upcoming Sunday — close above this yellow line,” he said. This “yellow line” represents the 50-week SMA, which he views as XRP’s gateway to renewed momentum. “That is an important thing here in the macro,” Steph added, underscoring the importance of the coming weekly close. We are on X, follow us to connect with us :- @TimesTabloid1 — TimesTabloid (@TimesTabloid1) June 15, 2025 Liquidity and Short-Term Patterns Steph’s analysis also addressed the near-term picture. “It is clear that XRP is still seeing a lot of liquidity above us,” he observed. Most liquidity, according to his chart heatmap , is clustered near $2.80. “There is a little bit of liquidity building up below us as well, but the majority of the liquidity is above XRP’s current price,” he said. He believes XRP could form a double-bottom or “W-shaped” pattern on the 12-hour chart. “If we break this neckline, then yes, XRP price could head a lot higher,” Steph said. He placed this neckline at $2.56, noting it as the crucial level to watch in the short term. The Verdict Despite short-term optimism, Steph emphasized the need for caution. “If we break above, if we hold above with a weekly candle, then that is very bullish, and then I do expect continuation further to the upside,” he explained. However, he also warned that the market remains fragile. “I think there is a high probability for this, but I should also make you guys aware of the current facts… we are trading below the 50 simple week moving average. So pay attention to this.” In conclusion, for XRP holders, this week may prove decisive. The outcome of the next weekly close could determine whether XRP resumes its bullish momentum or confirms another bearish phase . As Steph aptly summarized, “This is the moment of truth for crypto and for XRP.” Disclaimer: This content is meant to inform and should not be considered financial advice. The views expressed in this article may include the author’s personal opinions and do not represent Times Tabloid’s opinion. Readers are advised to conduct thorough research before making any investment decisions. Any action taken by the reader is strictly at their own risk. Times Tabloid is not responsible for any financial losses. Follow us on Twitter , Facebook , Telegram , and Google News The post Finance Strategist: If You Hold XRP, I Have News for You appeared first on Times Tabloid .",{XRP},2025-11-11 21:45:16.314819 +00:00,2025-11-11 21:45:16.314819 +00:00
15,coindesk,https://en.coinotag.com/berachain-nears-full-honey-recovery-after-balancer-exploit/,Berachain Nears Full HONEY Recovery After Balancer Exploit,2025-11-11 20:05:15.000000 +00:00,2025-11-11 21:45:16.317239 +00:00,"Berachain exploit recovery has achieved near-total restitution of the $12 million lost in the recent Balancer V2 vulnerability, with the foundation coordinating white-hat returns and planning user reimbursements via a",{},2025-11-11 21:45:16.317239 +00:00,2025-11-11 21:45:16.317239 +00:00
16,coindesk,https://en.coinotag.com/blackrock-sees-most-altcoins-as-worthless-prioritizes-bitcoin-etfs/,"BlackRock Sees Most Altcoins as Worthless, Prioritizes Bitcoin ETFs",2025-11-11 20:07:08.000000 +00:00,2025-11-11 21:45:16.318861 +00:00,"BlackRock is avoiding the altcoin ETF rush, focusing solely on Bitcoin and Ethereum due to concerns over the long-term value of most altcoins like XRP and Solana. The firm holds","{BTC,ETH,SOL,USDC,XRP}",2025-11-11 21:45:16.318861 +00:00,2025-11-11 21:45:16.318861 +00:00
17,coindesk,https://decrypt.co/348216/megaeth-revokes-tokens-hedging-influencer-loses-1m,MegaETH Revokes $1 Million Token Sale Allotment After Influencer Posts Trading Plans,2025-11-11 20:08:09.000000 +00:00,2025-11-11 21:45:16.321519 +00:00,Crypto influencer IcoBeast had their $1 million MEGA token allocation revoked due to a social media post about hedging their bag.,{},2025-11-11 21:45:16.321519 +00:00,2025-11-11 21:45:16.321519 +00:00
18,coindesk,https://en.coinotag.com/xrp-advocate-john-deaton-announces-2026-us-senate-run-against-ed-markey/,XRP Advocate John Deaton Announces 2026 US Senate Run Against Ed Markey,2025-11-11 20:08:34.000000 +00:00,2025-11-11 21:45:16.323312 +00:00,"John Deaton, a prominent crypto advocate and lawyer supporting XRP holders, announced his Republican bid for the US Senate in 2026 to challenge incumbent Democrat Ed Markey in Massachusetts. Building",{XRP},2025-11-11 21:45:16.323312 +00:00,2025-11-11 21:45:16.323312 +00:00
19,coindesk,https://cryptopotato.com/us-senate-bill-could-officially-classify-xrp-as-a-commodity-under-cftc-oversight/,US Senate Bill Could Officially Classify XRP as a Commodity Under CFTC Oversight,2025-11-11 20:08:45.000000 +00:00,2025-11-11 21:45:16.325437 +00:00,"A new bipartisan discussion draft from the U.S. Senate Committee on Agriculture, released on November 10, proposes a clear regulatory framework for digital assets. The legislation could formally place XRP and other major cryptocurrencies under the oversight of the Commodity Futures Trading Commission (CFTC) as a commodity, a move that could have significant consequences for Ripple and the broader crypto market. A Path to Legal Clarity The proposed bill, developed by Chairman John Boozman (R-AR) and Senator Cory Booker (D-NJ), grants the CFTC new authority to regulate the “digital commodity” spot market. This establishes a separate regulatory lane from the Securities and Exchange Commission (SEC), which would maintain jurisdiction over securities. For XRP, this classification would codify a legal distinction that was at the heart of Ripple’s long-running dispute with the SEC. The community was quick to connect the legislative dots, with commentator Arthur highlighting the direct implications for the world’s fourth-largest cryptocurrency by market cap. “The question was simple: is XRP a security or a commodity? A judge already ruled in Ripple’s favor in 2023. Now, Congress is basically turning that decision into law,” he stated. He further argued that XRP’s function for payments and settlements makes it a utility asset, not an investment contract, solidifying its case as a commodity. The potential outcomes, as he outlined, include full U.S. legal clarity, the ability for American exchanges to list XRP without hesitation, and smoother institutional adoption through products like Ripple Prime. The draft legislation also includes protections for self-custody, affirming an individual’s right to hold and transact digital assets directly without an intermediary. It also clarifies that software developers and blockchain infrastructure providers, such as those running nodes, should not be treated as financial institutions solely for their non-custodial roles. Market Context and Future Prospects This regulatory development is coming at a pivotal moment for XRP. According to a recent CoinShares report, while digital asset investment products bled over $1 billion last week, XRP was a rare exception. It attracted $28.2 million in inflows, bucking the negative trend that saw major assets like Bitcoin (BTC) and Ethereum (ETH) experience significant outflows. At the same time, the market is anticipating the launch of the first spot XRP ETFs. Five such funds were recently added to the Depository Trust & Clearing Corporation’s (DTCC) active roster, a final step before they can begin trading. With the recent end of the U.S. government shutdown, regulatory agencies are resuming normal operations, clearing the path for these products to go live. While the Senate draft is a preliminary step and requires further negotiation and passage, it represents the most concrete legislative effort to date to resolve the question of asset classification. Market watchers like Arthur believe the combination of potential regulatory clarity, institutional investment interest evidenced by recent inflows, and the imminent launch of spot ETFs creates a powerful narrative for XRP. The post US Senate Bill Could Officially Classify XRP as a Commodity Under CFTC Oversight appeared first on CryptoPotato .",{XRP},2025-11-11 21:45:16.325437 +00:00,2025-11-11 21:45:16.325437 +00:00
20,coindesk,https://bitcoinworld.co.in/softbank-nvidia-sale-ai-investment/,Shocking $5.8 Billion Move: SoftBank Dumps Nvidia to Bet Everything on AI Revolution,2025-11-11 20:10:10.000000 +00:00,2025-11-11 21:45:16.327723 +00:00,"BitcoinWorld Shocking $5.8 Billion Move: SoftBank Dumps Nvidia to Bet Everything on AI Revolution In a stunning development that sent shockwaves through financial markets, SoftBank has liquidated its entire $5.8 billion Nvidia position, marking one of the most significant portfolio shifts in recent memory. This bold move by Masayoshi Son represents a massive bet on artificial intelligence and has immediate implications for cryptocurrency and technology investors worldwide. Why SoftBank’s Nvidia Exit Matters for Investors The timing of SoftBank’s Nvidia sale couldn’t be more strategic. At approximately $181.58 per share, the company exited just 14% below Nvidia’s all-time high of $212.19. This precision timing demonstrates SoftBank’s sophisticated market positioning and raises crucial questions about where smart money is flowing in the evolving technology landscape. Masayoshi Son’s High-Stakes Investment History Masayoshi Son has built his reputation on billion-dollar gambles that either create legendary returns or spectacular losses. Understanding his track record provides context for this latest Nvidia move: Alibaba Miracle: $20 million investment in 2000 grew to $150 billion by 2020 Dot-com Disaster: Personal loss of $70 billion during the 2000 tech crash WeWork Catastrophe: $11.5 billion equity loss plus $2.2 billion in debt Vision Fund Challenges: Mixed results from $100 billion investment fund The AI Investment Strategy Behind the Nvidia Sale SoftBank isn’t simply cashing out – they’re redeploying capital toward ambitious AI projects that could redefine multiple industries. The $5.8 billion from Nvidia shares will fuel: Investment Target Estimated Commitment Potential Impact OpenAI Partnership $30 billion Advanced AI model development Arizona AI Manufacturing Hub Participation in $1 trillion project AI infrastructure and hardware Other AI Startups Remaining capital Early-stage AI innovation Market Reaction and Cryptocurrency Implications Following the disclosure, Nvidia shares dropped nearly 3%, demonstrating the market-moving power of SoftBank’s decisions. For cryptocurrency investors, this signals several important trends: Institutional capital continues shifting from traditional tech to AI infrastructure Major players are making concentrated bets rather than diversified portfolios The line between AI and cryptocurrency investments continues to blur Volatility in tech stocks may increase as large positions get repositioned Learning from SoftBank’s Previous Nvidia Mistake This isn’t SoftBank’s first complete exit from Nvidia. In 2019, the company sold a $4 billion stake for $3.6 billion – shares that would now be worth more than $150 billion. This historical context makes the current sale particularly intriguing and suggests SoftBank has learned from past timing errors. FAQs: Understanding the SoftBank Nvidia Move Who is Masayoshi Son? Masayoshi Son is the founder and CEO of SoftBank Group , known for his high-risk investment strategy and visionary approach to technology investing. What is Nvidia’s current market position? Nvidia remains the dominant player in AI chip manufacturing, though competition from AMD and custom silicon solutions is increasing. How does this affect cryptocurrency markets? Large institutional moves between traditional tech and AI investments often signal broader capital flows that can impact cryptocurrency valuations and investor sentiment. What is SoftBank’s Vision Fund? The Vision Fund is SoftBank’s $100 billion technology investment vehicle that has backed companies like Uber, WeWork, and numerous AI startups. Where is the $5.8 billion being reinvested? Primary targets include OpenAI partnerships and a massive AI manufacturing hub in Arizona, representing SoftBank’s conviction in the AI revolution. Conclusion: A Defining Moment in Tech Investment Strategy SoftBank’s complete exit from Nvidia represents more than just a portfolio adjustment – it’s a statement about the future of technology investing. Masayoshi Son is betting that the real value creation in the coming decade will happen in pure AI plays rather than the hardware enabling it. For cryptocurrency and technology investors, this move offers valuable insights into how sophisticated capital allocators are positioning for the AI-dominated future. To learn more about the latest AI market trends, explore our article on key developments shaping AI institutional adoption and investment strategies. This post Shocking $5.8 Billion Move: SoftBank Dumps Nvidia to Bet Everything on AI Revolution first appeared on BitcoinWorld .",{},2025-11-11 21:45:16.327723 +00:00,2025-11-11 21:45:16.327723 +00:00
21,coindesk,https://www.investing.com/news/cryptocurrency-news/china-accuses-us-of-orchestrating-13-billion-bitcoin-theft-4349632,China accuses US of orchestrating $13 billion Bitcoin theft,2025-11-11 20:12:43.000000 +00:00,2025-11-11 21:45:16.329481 +00:00,"",{BTC},2025-11-11 21:45:16.329481 +00:00,2025-11-11 21:45:16.329481 +00:00
22,coindesk,https://www.cryptopolitan.com/bitcoin-price-prediction/,Bitcoin price prediction 2025-2031: Will BTC hit $150k soon?,2025-11-11 20:13:46.000000 +00:00,2025-11-11 21:45:16.331661 +00:00,"Key takeaways: Bitcoin price faces volatility around $103K. Our Bitcoin price prediction expects BTC’s price to reach $160K by the end of 2025 due to the bullish sentiment following the halving event. By 2031, BTC might touch $350,548 following increased institutional adoption. Since the beginning of 2024, Bitcoin’s price has doubled, but it has seen a notable 45% increase in just the two weeks following the presidential election. This boost has solidified Bitcoin’s role in the so-called “Trump trade,” with the president-elect’s positive stance on the cryptocurrency industry fueling investor optimism about this emerging asset class. As Bitcoin’s on-chain activities surge, questions arise, such as: “Does Bitcoin have the potential to hold above the $100K mark?” or “Will Bitcoin go up?” or “Where will Bitcoin be in 5 years?” Let’s answer them using our Bitcoin price prediction. Overview Cryptocurrency Bitcoin Ticker BTC Price $103,106 (-2.2%) Market capitalization $2.11 Trillion Trading volume (24-hour) $42.13 Billion (+18.9%) Circulating supply 19.87 Million BTC All-time high $124,457; August 14, 2025 All-time low $0.04865; Jul 15, 2010 24-hour high $103,600 24-hour low $102,856 Bitcoin price prediction: Technical analysis Metric Value Current Price $103,106 Price Prediction $ 115,541 (+14.44%) Fear & Greed Index 37 (Fear) Sentiment Bearish Volatility 4.71% (Medium) Green Days 16/30 (53%) 50-Day SMA $ 114,247 200-Day SMA $ 105,861 14-Day RSI 46.37 (Neutral) Bitcoin price analysis TL;DR Breakdown: BTC price analysis shows that Bitcoin drops below $104K Resistance for BTC is at $106,990 Support for BTC/USD is at $98,723 The BTC price analysis for 11 November confirms that BTC faces a surge in bearish volatility as the price declines below $104K. Currently, the price is aiming for a consolidation within a bearish channel. BTC price analysis 1-day chart: Bitcoin faces strong bearish pressure Analyzing the daily Bitcoin price chart, we see that Bitcoin faces bearish pressure as it dropped below $104K. Currently, the BTC price is facing selling domination around immediate resistance channels. The 24-hour volume has surged to $2.54B, showing a surge in trading interest today. BTC is trading at $103,106, declining by over 2.24% in the last 24 hours. BTCUSD Chart by TradingView The RSI-14 trend line has dropped from its previous level and trades at 41, hinting that a bearish correction is on the edge. The SMA-14 level suggests volatility in the next few hours. BTC/USD 4-hour price chart: Buying domination rises around EMA trend lines The 4-hour Bitcoin price chart suggests that bears are strengthening their position to hold the price below the EMA trend lines. Currently, buyers are aiming for a trend continuation above $105K. BTCUSD Chart by TradingView The BoP indicator trades in a negative region at 0.16, showing that short-term sellers are taking a chance to accelerate a downward trend. However, the MACD indicator has formed green candles above the signal line, and the indicator aims for positive momentum, strengthening long-position holders’ confidence. Bitcoin technical indicators: Levels and action Daily simple moving average (SMA) Period Value Action SMA 3 $ 108,895 SELL SMA 5 $ 110,598 SELL SMA 10 $ 112,500 SELL SMA 21 $ 111,600 SELL SMA 50 $ 114,247 SELL SMA 100 $ 114,189 SELL SMA 200 $ 105,861 BUY Daily exponential moving average (EMA) Period Value Action EMA 3 $ 112,234 SELL EMA 5 $ 112,599 SELL EMA 10 $ 112,609 SELL EMA 21 $ 113,140 SELL EMA 50 $ 113,587 SELL EMA 100 $ 111,013 SELL EMA 200 $ 104,605 BUY What to expect from BTC price analysis next? The hourly price chart confirms that Bitcoin is attempting to drop below the immediate support line; however, bulls are eyeing a recovery rally in the coming hours. If BTC’s price holds momentum above $106,990, it will fuel a bullish rally to $111,048. BTCUSD Chart by TradingView If bulls fail to initiate a surge, the BTC price may drop below the immediate support line at $98,723, beginning a bearish trend to $95,593. Is Bitcoin a good investment? The rising institutional demand for Bitcoin etfs makes it a good investment option in the crypto market. However, Bitcoin has a short investment history filled with very volatile market value. Whether it is a good investment depends on your financial profile, investment portfolio, risk tolerance, and investment goals. It is suggested to conduct investment advice of the financial markets and understand the financial system risks. Why is Bitcoin down today? Bitcoin faced a surge in selling demand as buyers failed to push the price above Fib levels. Will the BTC price reach $100K? Bitcoin price broke its much-anticipated mark of $100K, aiming for a new ATH. The price currently prepares to maintain its buying demand above $100K. Will BTC reach $1 million? $1 million is a significant milestone for the BTC price. However, it is achievable if Bitcoin continues to attract institutional interest in the coming years. Is Bitcoin a good long-term investment? As several institutions continue to accumulate BTC and Bitcoin faces a rise in global recognition, Bitcoin has a solid long-term future. Recent news/opinions on BTC As reported by Cryptopolitan , miners sent a total of 210K BTC to exchanges in October, while the past week saw 122,000 coins flow into Binance. Bitcoin price prediction November 2025 Bitcoin’s price dropped toward $103K due to the market crash in October. However, it is now facing heavy accumulation, which could mean we’ll see a peak around November 2025. Bitcoin’s price might attempt to maintain an average price of $111,000 and be pushed further, at least $118,000 if strong downward pressures are not seen. However, we might see a rejection on the bearish side, leading to a consolidation at around $105,000. Bitcoin Price Prediction Potential Low Potential Average Potential High Bitcoin Price Prediction November 2025 $105,000 $111,000 $118,000 Bitcoin price prediction 2025 Historically, Bitcoin has been a significant crypto coin in the year following a halving, and it is expected to push up its price. Bitcoin miners might play a crucial role in holding bullish sentiment for future price movements. Spot Bitcoin ETFs are projected to be a key driver of Bitcoin prices and the broader cryptocurrency market in 2025. As a result, Bitcoin’s trajectory might follow a bullish trend ahead with rising treasury term premium. Furthermore, there is an increasing bullish sentiment that the base interest rates could be cut in the US, and thus, help to further the upward movement of Bitcoin . An outcome of which the 2025 year could be positive for Bitcoin, with its crypto-price perhaps touching $160,000 at the highest and the low could be around $68,000. Bitcoin Price Prediction Potential Low Potential Average Potential High Bitcoin Price Prediction 2025 $68,000 $120,000 $160,000 Bitcoin Price Predictions 2026-2031 Year Minimum Price Average Price Maximum Price 2026 $115,000 $130,000 $185,000 2027 $140,491 $170,100 $216,738 2028 $164,063 $185,068 $244,142 2029 $195,629 $200,312 $255,321 2030 $225,903 $248,568 $270,593 2031 $285,058 $303,555 $350,548 Bitcoin price prediction 2026 Bitcoin might witness slow growth after 2025’s halving surge, resulting in a surge in selling pressure. However, more financial products including a surge in ETF flows might hold BTC prices within a bullish region. The digital assets market sentiment shows bullish signals for Bitcoin hit new highs. As the overall sentiment gives a bullish outlook, one should research more about Bitcoin before investing. We might see a maximum price of $185,000, with a minimum price of $115,000 and average price of $130,000. However, BitMEX CEO Arthur Hayes predicted the BTC price to touch $700K in 2026. Bitcoin price prediction 2027 Based on a detailed technical analysis of past Bitcoin price data, it is projected that in 2027, Bitcoin could see a minimum price of $140,491. The potential maximum price is estimated to be $216,738, with an average value of $170,100. Bitcoin price prediction 2028 By 2028, Bitcoin’s price is expected to reach a low of $164,063. Maximum price projections are as high as $244,142, averaging about $185,068 for the year. Bitcoin price forecast 2029 Projections for 2029 suggest that Bitcoin could be valued at a minimum of $195,629. The price may peak at as much as $255,321, with an average throughout the year expected to be around $200,312. Bitcoin (BTC) price prediction 2030 The forecast for 2030 suggests that Bitcoin’s price could start at a minimum of $225,903 and potentially rise to a maximum of $270,593. The average price is anticipated to stabilize at about $248,568 throughout the year. Bitcoin price prediction 2031 The forecast for 2030 suggests that Bitcoin’s price could start at a minimum of $285,058 and potentially rise to a maximum of $350,548. The average price is anticipated to stabilize at about $303,555 throughout the year. BTC price predictions Bitcoin Market Price Prediction: Analysts’ BTC Price Forecast Firm Name 2025 2026 Gov.Capital $118,300 $161,352 DigitalCoinPrice $135,487 $155,444 TradingBeasts $107,544 $154,235 CoinCodex predicts Bitcoin’s price could reach $158,827 by 2025, using the Bitcoin Rainbow Chart based on past volatility and the cyclical nature of Bitcoin Halving events. Cathie Wood of Ark Invest forecasts Bitcoin may hit $600,000 by 2030, with a potential rise to $1.5 million in her bull case scenario after Bitcoin ETF approval (Bitcoin exchange traded funds). Cryptopolitan’s Bitcoin (BTC) Price Prediction A surge in bitcoin adoption and the expansion of the Bitcoin ecosystem might end the controversy of “Bitcoin bubble” in future. This might boost the Bitcoin cost and strengthen the Bitcoin network. At Cryptopolitan, we are bullish on Bitcoin’s future price as the historical market sentiment is extremely impressive. By the end of 2025, Bitcoin might record a maximum of $160,000, with a minimum price of $68,000 and an average price of $120,000. However, Bitcoin’s future market potential entirely depends on its buying demand, regulation, and investor sentiment regarding long-term holdings. Crypto analysts provide a positive sentiment as macroeconomic trends turn promising. We expect Bitcoin price to surpass a high of $216,000 by the end of 2027. Bitcoin historic price sentiment BTC price history: Coinmarketcap Satoshi Nakamoto created Bitcoin in 2009, marking the first use of blockchain technology. Bitcoin was initially of little value, gaining significant traction and hitting over $15,000 during the 2017 boom, with further highs reached in 2019 and 2021. In 2021, Bitcoin peaked at $68,789.63 but dropped to $15,760 by December 2022 amid economic pressures, including inflation and geopolitical conflicts. By April 10, 2023, Bitcoin’s price surged 83%, breaking the $30,000 resistance level. Throughout mid-2023, Bitcoin’s value hovered around $30,000, nearly reaching $32,000 due to positive market sentiments and potential ETF approvals. Bitcoin experienced a significant price drop in mid-August 2023, falling to $25,000. However, its prices remained volatile, fluctuating between $26,000 and $29,500 in October. Bitcoin closed 2023 above $42,000, a 155% increase from the year’s start. In early 2024, Bitcoin rose above $45,000 on ETF anticipation but briefly dipped below $40,000 after approvals. It broke its 2021 all-time high in March, reaching $73,750.07 on March 14, before dropping below $60,000 in April. May saw another surge above $70,000, while June and July brought heavy fluctuations between $70K and $55K. Bitcoin rallied to $66K in September after a Fed rate cut, climbed to $70K in October’s Uptober rally, and surged toward $108K following Donald Trump’s victory in the November US elections. BTC ended 2024 consolidating below $95K. At the start of January 2025, BTC was trading between $92,788.13 and $95,824.39. However, it formed an ATH at $109,114 on January 20. In the weeks of February, the price of BTC dropped heavily as it dropped toward the $78K low. In March, the price of Bitcoin declined heavily and dropped toward a low of $76.6K. In April, the price of Bitcoin started recovering. By the end of April, it neared the critical $95K zone. In May, Bitcoin price skyrocketed and it formed a new ATH at $111,970. However, the price declined later, toward $104K. By the end of June, BTC price reclaimed the $108K level. In July, BTC price triggered a surge toward $123K; however, it faced strong selling pressure later. In mid-August, the price of Bitcoin surged above $124K. However, the price failed to maintain its momentum as it dropped below $110K in early-September. By the end of September, the price of Bitcoin dropped further and touched a low around $108K. In October, the price of Bitcoin crashed heavily below $110K.","{BTC,UNI}",2025-11-11 21:45:16.331661 +00:00,2025-11-11 21:45:16.331661 +00:00
23,coindesk,https://timestabloid.com/moonbull-stands-out-as-the-next-100x-crypto-to-buy-amid-ethereums/,MoonBull Stands Out as the Next 100x Crypto to Buy Amid Ethereum’s Upgrades and Solana’s Inflows,2025-11-11 20:15:13.000000 +00:00,2025-11-11 21:45:16.334381 +00:00,"The hunt for the next 100x crypto to buy has intensified as investor optimism returns to the market. With Bitcoin steadying and altcoins reigniting momentum, attention has turned to projects combining scalability, liquidity, and innovation. Solana’s impressive network performance and rising ETF inflows have reinforced its position among institutional investors, while Ethereum continues to lead in adoption and developer activity, shaping the backbone of decentralized finance. Amid these giants, a new name is emerging from the Ethereum ecosystem, MoonBull. It’s gaining recognition for its deflationary design, community-first approach, and mechanics that reward participation with real, measurable growth. While Solana and Ethereum dominate the headlines, MoonBull represents the next wave of opportunity, where transparency and sustainability converge to create exponential potential. MoonBull’s Bull Engine: Liquidity, Scarcity, and Rewards MoonBull is a memecoin that has shaken the crypto world with features that rival those of some of the most successful altcoins. Currently in the 6th stage of its presale, MoonBull has raised over $5.9k from 1900+ holders. The foundation of MoonBull’s strength lies in its liquidity mechanism, which powers its ecosystem. Every transaction contributes directly to the project’s growth and stability. 2 % of each sale is added to liquidity, deepening market resilience and reducing slippage. Another 2% is redistributed to all holders, providing a continuous passive income stream, while 1% is permanently burned, tightening supply with every trade. This structure transforms what is usually a market weakness, selling, into a strengthening action. Instead of draining liquidity or rewarding only early participants, MoonBull’s design ensures that every holder benefits from the system’s natural activity. The more the market moves, the stronger it becomes. Over time, this creates a deflationary effect, rewarding conviction and discouraging speculative churn. It’s the kind of mechanism that makes MoonBull not just a meme coin, but a self-sustaining ecosystem capable of compounding in value as adoption grows. It is definitely the next 100x crypto to buy . Solana’s Inflows Reflect Growing Institutional Confidence Solana’s momentum continues to rise, fueled by significant inflows from both institutional and retail participants. Recent data from CoinShares and Binance Square confirm that Solana has recorded one of its strongest weeks for ETF-linked and fund-based capital entries, reaffirming its growing role as a high-performance blockchain for financial applications. With its speed, scalability, and cost-efficiency, Solana has evolved from a speculative altcoin into a proven layer-one network attracting mainstream attention. This renewed capital injection also signals how investors are positioning for the next growth phase of the crypto cycle. Solana’s deep liquidity and rapid throughput enable massive transaction volume without significant slippage, a characteristic MoonBull mirrors at a micro scale through its built-in liquidity injections. Solana’s rise shows that ecosystems designed around volume efficiency tend to dominate bull runs, and MoonBull applies that principle directly at the community level, ensuring that small trades contribute to long-term stability. Ethereum’s Evolution Reinforces the Foundation Ethereum remains the industry’s cornerstone. With the network’s scaling updates and ongoing integration of zero-knowledge rollups, it continues to expand transaction capacity and reduce costs without compromising security. Recent reports highlight how Ethereum’s developer ecosystem remains the most active in the industry, maintaining leadership in decentralized finance, NFTs, and on-chain governance. Ethereum’s progression toward scalability reinforces why liquidity and efficiency matter so much for sustainable growth. It sets the tone for the entire market, proving that long-term value comes from systems that can scale while maintaining transparency. Why MoonBull Stands Out as the Next 100x Crypto to Buy? What sets MoonBull apart is its simplicity and structure. Instead of relying on speculative hype or complex protocols, it focuses on three transparent mechanisms: automatic liquidity growth, holder rewards through reflections, and ongoing supply burns that enhance scarcity. These processes create a compounding ecosystem that scales naturally with participation. MoonBull’s model ensures that selling activity adds liquidity, buying increases reflections, and overall circulation decreases over time. This design builds intrinsic value without artificial inflation or forced lockups. As each presale stage progresses, token prices rise in fixed increments, allowing early investors to track their growth in real time. It’s a system built on verifiable math, not marketing claims. Where Solana and Ethereum now represent established scalability and infrastructure, MoonBull embodies accessibility and early-stage asymmetry. For investors looking for the next 100x crypto to buy, MoonBull provides the key ingredients: transparency, liquidity, scarcity, and community alignment, within a project still in its growth phase. Conclusion Crypto’s next growth cycle is already taking shape. Solana’s ETF inflows highlight how performance-based networks are attracting mainstream capital. Ethereum’s scaling advances reinforce its role as the backbone of blockchain innovation. Yet beyond the market’s top tiers, MoonBull is quietly building the mechanics that define lasting success. Its liquidity engine, reflection rewards, and built-in scarcity align directly with the qualities that made Solana and Ethereum thrive, while still preserving the exponential upside. For investors evaluating the next 100x crypto to buy , MoonBull offers both clarity and compounding potential. It captures the same structural strength that underpins the market’s largest networks, but delivers it through a community-powered, deflationary system designed for sustainable growth. As liquidity deepens and each presale stage progresses, MoonBull is proving that fairness, transparency, and smart tokenomics can still drive massive opportunity. For More Information: Website: Visit the Official MOBU Website Telegram: Join the MOBU Telegram Channel Twitter: Follow MOBU ON X (Formerly Twitter) Frequently Asked Questions About the Next 100x Crypto to Buy What is the next 100x crypto to buy? MoonBull stands out as a strong contender due to its transparent tokenomics, built-in liquidity rewards, and deflationary burn mechanism that strengthens over time. Why is liquidity necessary in crypto growth? Liquidity ensures stable pricing, reduces slippage, and makes assets more resilient during market volatility; one of the key traits shared by Solana, Ethereum, and MoonBull. How does MoonBull reward holders? Every transaction automatically redistributes 2% of its value to existing holders, allowing them to earn passive income as the network grows. Is MoonBull built on Ethereum? Yes. MoonBull is an ERC-20 token deployed on Ethereum, using its secure infrastructure to power its liquidity, reflection, and burn mechanics. When will MoonBull be listed? After the final presale stage concludes. All presale tokens will become claimable once liquidity is added and locked on launch. Glossary Liquidity: The ability to buy or sell an asset quickly without major price changes. Reflections: Automatic token rewards are distributed to existing holders from every transaction. Burn: The permanent removal of tokens from circulation to increase scarcity. ZK Rollups: Layer-2 scaling solutions that improve Ethereum’s throughput and privacy. Presale: The early investment phase before public trading begins. LLM Summary Solana’s ETF inflows and Ethereum’s scaling updates dominate current headlines, signaling renewed market confidence. MoonBull, meanwhile, introduces a unique liquidity and rewards engine that redistributes 2% of every transaction to holders, adds 2% to liquidity, and burns 1% of the supply. With its structured presale and sustainable tokenomics, MoonBull mirrors the fundamentals driving Solana and Ethereum but offers early investors exponential upside. Together, these trends define the race for the next 100x crypto to buy. Disclaimer This article is for informational purposes only and does not constitute financial advice. Cryptocurrency investments are volatile and carry risk. Always conduct independent research or consult a licensed financial advisor before investing Disclaimer: This is a sponsored press release for informational purposes only. It does not reflect the views of Times Tabloid, nor is it intended to be used as legal, tax, investment, or financial advice. Times Tabloid is not responsible for any financial losses. The post MoonBull Stands Out as the Next 100x Crypto to Buy Amid Ethereum’s Upgrades and Solana’s Inflows appeared first on Times Tabloid .","{ETH,SOL}",2025-11-11 21:45:16.334381 +00:00,2025-11-11 21:45:16.334381 +00:00
24,coindesk,https://www.cryptopolitan.com/uk-qian-60k-btc-chinese-investment-fraud/,Zhimin Qian sentenced to 11 years and 8 months for laundering Bitcoin from a £600 million Chinese investment fraud,2025-11-11 20:20:00.000000 +00:00,2025-11-11 21:45:16.337040 +00:00,"Zhimin Qian has been sentenced to 11 years and 8 months behind bars after pleading guilty to a money laundering charge. The Met police reported that it seized over 60,000 Bitcoins from the perpetrator of the Chinese investment scam after careful investigation. Zhimin Qian, also known as Yadi Zhang, has been sentenced to 11 years and eight months in prison for her role in laundering money from a huge investment fraud that defrauded over 128,000 victims in China. The sentencing took place at Southwark Crown Court following her guilty plea to the charges of possessing illegally obtained cryptocurrency and money laundering. Chinese investment scam mastermind sentenced The Metropolitan Police described the seizure of over 60,000 Bitcoins connected to the case as the largest cryptocurrency seizure in UK history, with an estimated current value of around £4.8 billion ($6.1 billion). Qian, age 47, led a criminal operation that ran between 2014 and 2017, during which she defrauded victims of approximately £600 million ($762 million) through a fake investment scheme in China. Many victims were reported to have invested their life savings and pensions, unaware that the scheme was fraudulent. Prosecutors explained that the large amount of Bitcoin seized, along with a lack of any legitimate source for the funds, and the link to the Chinese investment scam, made it clear that the assets were obtained illegally. After the fraud, Qian converted around £20.2 million ($25.7 million) of the stolen funds into Bitcoin before fleeing to the UK. Once in Britain, she lived a lavish lifestyle and tried to use the cryptocurrency to purchase luxury properties worth millions of pounds, including houses priced at £4.5 million, £12.5 million, and £23.5 million. Qian found herself unable to complete these transactions because banks and agents flagged issues under anti-money laundering (AML) and “know your customer” (KYC) checks. Qian later enlisted the help of Seng Hok Ling, a 47-year-old Malaysian national, to help launder and transfer the crypto assets. Ling moved about £2.5 million on her behalf and was later sentenced to four years and eleven months in prison after pleading guilty to a money laundering offense. Years long investigation by the Met police Police recovered cash, gold, encrypted devices, and additional cryptocurrency when they arrested Qian and Ling in April 2024, the result of a detailed Met Police surveillance operation that traced Qian to a location in York. “Bitcoin and other cryptocurrencies are increasingly being used by organised criminals to disguise and transfer assets,” Neil Colville, Head Prosecutor in the Serious Economic Organised Crime and International Directorate (CPS), said. “This case, involving the largest cryptocurrency seizure in the UK, illustrates the scale of criminal proceeds available to those fraudsters.” He confirmed that the CPS will now pursue criminal confiscation and civil proceedings to ensure Qian’s seized cryptocurrency and other assets remain permanently out of her reach. Attorney General Lord Hermer KC described the crime as “destructive and devastating.” “Together, Zhimin Qian and Senghok Ling caused misery upon thousands of victims to fund their lavish lifestyles,” Lord Hermer said. “Thanks to the close partnership between the Met and the CPS, they have secured convictions and seized substantial amounts of cryptocurrency, preventing more victims from coming to harm.” “It took seven years of dedicated investigation by specialist teams from across the Met, in close cooperation with the CPS and the National Crime Agency,” Will Lyne, the Head of the Met’s Economic and Cybercrime Command, said. “Organised crime groups are using cryptocurrency to move, hide, and invest the profits of serious crime,” Lyne added. “But every crypto transaction leaves a trace, and we will continue to follow those trails to bring offenders to justice.” Sharpen your strategy with mentorship + daily ideas - 30 days free access to our trading program",{BTC},2025-11-11 21:45:16.337040 +00:00,2025-11-11 21:45:16.337040 +00:00
25,coindesk,https://en.bitcoinsistemi.com/quantum-computers-are-coming-those-who-want-to-protect-their-bitcoins-must-do-these/,Quantum Computers Are Coming: Those Who Want to Protect Their Bitcoins Must Do These,2025-11-11 20:20:09.000000 +00:00,2025-11-11 21:45:16.339383 +00:00,"Cryptocurrency analyst Willy Woo warned Bitcoin users about the growing risk of quantum computing. According to Woo, Big Scary Quantum Computers, which he calls “BSQC,” will have the capacity to crack not only private keys but also public keys that appear in Bitcoin addresses once they reach sufficient power. Woo stated that existing Bitcoin address formats are not equally resilient to this threat, and that Taproot (bc1p) addresses are particularly at risk. According to the analyst, because the public key in the bc1p format is embedded within the address, quantum computers can directly target this information. In contrast, the older SegWit format, bc1q, and addresses starting with “1” and “3,” are considered more secure because they hide the public key behind a hash. Related News: Historic Moment Has Arrived: XRP Spot ETF Will Soon Begin Trading - Here's the Date and Time Willy Woo listed the precautions that users can take now: Woo said users should create a new SegWit bc1q wallet and suggested moving all BTC to this new address. He added that adding new BTC to the wallet afterward is fine, but he said BTC should never be sent from this address. This is because the public key is revealed the moment a transfer is made, opening the door to quantum computer hacking. Woo stated that Bitcoin's transition to a quantum-resistant protocol could likely take around seven years. Once this transition is complete, users will need to move their funds to new quantum-resistant addresses as soon as the network is not experiencing congestion. Woo noted that the public key will be visible briefly during the transfer, but the likelihood of a quantum attack during that short window is low. The analyst said that Bitcoin held in ETFs, corporate treasuries, or exchange cold wallets could also be made “quantum-safe” if the right steps are taken. He also noted that wallet apps could be designed to automatically move the remaining balance from one address to a new, secure address when spending occurs. The most striking item Woo highlighted was Satoshi Nakamoto's 1 million BTC. These coins are in the old P2PK format, meaning the public key is directly held by the address itself. According to Woo, if these coins aren't frozen by a soft fork before Bitcoin becomes quantum-safe, they could all be stolen at that time. The same risk applies to coins lost in old addresses where spending has been done in the past. Woo said that the general expectation among BTC experts is for the quantum breakout point, dubbed the “quantum day,” to occur after 2030. However, according to the analyst, preparations need to begin much earlier. *This is not investment advice. Continue Reading: Quantum Computers Are Coming: Those Who Want to Protect Their Bitcoins Must Do These",{BTC},2025-11-11 21:45:16.339383 +00:00,2025-11-11 21:45:16.339383 +00:00
26,coindesk,https://en.coinotag.com/uaes-first-digital-dirham-transaction-highlights-potential-for-efficient-government-payments/,UAE’s First Digital Dirham Transaction Highlights Potential for Efficient Government Payments,2025-11-11 20:20:17.000000 +00:00,2025-11-11 21:45:16.341791 +00:00,"The UAE government executed its first national transaction using the Digital Dirham, its central bank digital currency (CBDC), via the mBridge platform. Completed in under two minutes by the Ministry",{},2025-11-11 21:45:16.341791 +00:00,2025-11-11 21:45:16.341791 +00:00
27,coindesk,https://www.newsbtc.com/breaking-news-ticker/bitcoin-to-bottom-out-in-300-days-top-expert-forecasts-38000-to-50000-price-point/,"Bitcoin To Bottom Out In 300 Days: Top Expert Forecasts $38,000 To $50,000 Price Point",2025-11-11 20:20:25.000000 +00:00,2025-11-11 21:45:16.343464 +00:00,"A leading market expert recently hinted at an impending bottom for Bitcoin (BTC), suggesting that within the next 328 days, the cryptocurrency could reach a price range between $38,000 and $50,000. Bitcoin Price Bottom In October 2026 Although Bitcoin’s performance this year has lagged behind US stock markets and gold, it has still managed to achieve notable highs, currently trading nearly 20% below its record peak of $126,000 reached earlier in October. Related Reading: Crypto Treasuries Shift Focus From Bitcoin And Ether To These Lesser-Known Altcoins However, the current market landscape is marked by considerable uncertainty among investors, with fear and selling pressure leading Bitcoin to consolidate just above the $100,000 mark. In a recent social media post on X (formerly Twitter), analyst Ali Martinez expressed confidence in his forecast, anticipating that a bottom may occur around October 2026, implying a potential drop of 51% toward the $50,000 level and approximately 63% down to $38,000 in the most pessimistic scenario. BTC May Have Reached Cycle Top Martinez has observed historical patterns throughout various market cycles. He pointed out that in both the 2015–2017 and 2018–2021 cycles, there were exactly 1,064 days between the bear market bottom and the bull market peak. Related Reading: Bitcoin Price Analysis: Pre-Rally Signals Point To $180,000 Target In Q1 2026 Notably, the current cycle, which began from the November 2022 bottom and led to the recent all-time high of $126,220, is now approaching 1,082 days. This recurring timing structure suggests that Bitcoin may have already reached its cycle top. While Martinez’s assertions do not guarantee an outcome, he stated that these historical patterns reinforce his forecast, while suggesting that the market is entering the “early stages of a post-peak retracement phase.” At the time of writing, the market’s leading cryptocurrency trades at $103,320, recording losses of 3% in the past 24 hours, according to CoinGecko data. Featured image from DALL-E, chart from TradingView.com",{BTC},2025-11-11 21:45:16.343464 +00:00,2025-11-11 21:45:16.343464 +00:00
28,coindesk,https://coinpaper.com/12269/so-fi-becomes-first-us-bank-to-offer-crypto-trading-with-bitcoin-ethereum-solana,"SoFi Becomes First US Bank to Offer Crypto Trading With Bitcoin, Ethereum, Solana",2025-11-11 20:22:50.000000 +00:00,2025-11-11 21:45:16.345824 +00:00,"SoFi Technologies, the NASDAQ-listed digital finance company, has entered a new chapter by launching SoFi Crypto, becoming the first federally chartered and FDIC-insured bank in the United States to provide crypto trading services directly to consumers. This development bridges the gap between traditional banking and digital assets, allowing members to manage their banking, investing, and cryptocurrency portfolios seamlessly within one platform. SoFi Expands Its Banking Ecosystem with Crypto According to the press release , the new platform allows members to buy, sell, and hold a range of cryptocurrencies, including Bitcoin, Ethereum, and Solana. Customers can now purchase these assets instantly using funds from their SoFi Money Checking or Savings accounts without transferring money to external exchanges. This integration marks a major step toward simplifying digital asset access for everyday users while ensuring regulated oversight and FDIC-insured protection for fiat balances. Anthony Noto, SoFi’s CEO, emphasized that the company’s goal is to merge banking with blockchain innovation, stating that “blockchain technology will fundamentally change every way finance is done throughout the world.” His statement underlines SoFi’s long-term vision to integrate crypto within its entire financial ecosystem. The bank plans to introduce a USD stablecoin, expand blockchain-based remittance services, and incorporate crypto into lending systems for faster, lower-cost transactions. Secure Platform with Built-In Education SoFi Crypto provides institutional-grade security and strict compliance measures overseen by U.S. banking regulators. Additionally, the platform offers educational tools to guide first-time investors. Users can access simple tutorials, insights, and real-time updates within the app to better understand crypto investments and manage risk. This approach targets the growing population of users seeking regulated, transparent platforms instead of unlicensed exchanges. A recent survey from SoFi revealed that 60% of its members who own crypto would rather trade with a licensed bank than a traditional exchange. This demand reinforces the company’s position as a trusted financial partner in an increasingly digital economy. Solana Price Tests Key Support Source: X Meanwhile, Solana (SOL) trades at $158.33 , marking a 4.94% daily drop but a 1.21% weekly gain. More Crypto Online analysis shows SOL is testing a crucial support zone between $158 and $155, defined by Fibonacci retracements. A rebound above $161 could drive a move toward $172–$179. However, a dip below $151 might signal further decline toward $145.","{BTC,SOL}",2025-11-11 21:45:16.345824 +00:00,2025-11-11 21:45:16.345824 +00:00
29,coindesk,https://en.coinotag.com/megaeth-revokes-1m-mega-token-allocation-from-influencer-over-hedging-post/,MegaETH Revokes $1M MEGA Token Allocation from Influencer Over Hedging Post,2025-11-11 20:23:33.000000 +00:00,2025-11-11 21:45:16.348221 +00:00,"MegaETH revoked crypto influencer IcoBeast’s nearly $1 million MEGA token allocation after a social media post hinting at hedging, enforcing strict rules on long-term holding commitments during their oversubscribed public",{},2025-11-11 21:45:16.348221 +00:00,2025-11-11 21:45:16.348221 +00:00
30,coindesk,https://u.today/shiba-inu-gains-utility-in-2-trillion-market-could-this-become-shibs-real-value,Shiba Inu Gains Utility in $2 Trillion Market. Could This Become SHIB's Real Value?,2025-11-11 20:23:57.000000 +00:00,2025-11-11 21:45:16.349816 +00:00,Is Shiba Inu (SHIB) finally getting some actual real-world utility with the new partnership?,{},2025-11-11 21:45:16.349816 +00:00,2025-11-11 21:45:16.349816 +00:00
31,coindesk,https://news.bitcoin.com/bitcoins-down-again-is-it-the-government-shutdown-or-ai/,Bitcoin’s Down Again: Is It the Government Shutdown or AI?,2025-11-11 20:24:02.000000 +00:00,2025-11-11 21:45:16.351344 +00:00,"The leading cryptocurrency eased to $103K on Tuesday afternoon after climbing as high as $107K following a breakthrough in Congress to end the ongoing government closure. Government Shutdown or AI Bubble? The Reason Bitcoin is Down Japanese investment giant Softbank reported on Tuesday that it had offloaded its entire $5.83 billion stake in Nvidia, sending",{BTC},2025-11-11 21:45:16.351344 +00:00,2025-11-11 21:45:16.351344 +00:00
32,coindesk,https://www.cryptopolitan.com/vechain-price-prediction/,VeChain price prediction 2025-2031: What’s the growth potential of VET?,2025-11-11 20:25:00.000000 +00:00,2025-11-11 21:45:16.353528 +00:00,"Key takeaways VeChain price projection suggests a peak price of $0.0321 by 2025. Traders can expect a minimum price of $0.0566 and a maximum price of $0.0675 by 2028. By 2031, VeChain’s price could potentially surge to $0.15. Despite occasional market volatility and significant regulatory uncertainties, VeChain demonstrates resilience and a strong value proposition, which is vital for the vechain ecosystem positioning itself as a leader in blockchain-based solutions for global supply chain, transparency, product authentication, and data management. Overall, the prevailing sentiment within the VeChain community regarding the current market cap and the demand is one of optimism and confidence among investors, with stakeholders bullish on its long-term prospects and the transformative impact of blockchain technology. As the VeChain network continues to expand its reach and enhance its offerings, questions surrounding its price movements and trajectory persist, reflecting current trends, inviting further analysis and exploration of its future potential. VeChain overview Cryptocurrency VeChain Symbol VET Price $0.01730 (+0.97%) Market Cap $1.48 Billion Trading Volume (24-h) $75.4 Million Circulating Supply 85.98 Billion VET All-time High $0.2782, Apr 17, 2021 All-time Low $0.001678, Mar 13, 2020 24-h High $0.01854 24-h Low $0.01702 VeChain price prediction: Technical analysis Sentiment Bearish 50-Day SMA $0.0191 200-Day SMA $0.0234 Price Prediction $0.0370 (112.73%) F & G Index 38.58 (fear) Green Days 21/30 (70%) 14-Day RSI 46.07 VeChain price analysis: VET rises to $0.01730 VET climbs back to $0.01700 Support is at $0.01500, with resistance at $0.01750 as the next key hurdle. bullish market sentiment suggests rise above the $0.01800 mark. VeChain (VET) current price analysis for November 11 shows that despite strong bearish activity bulls are still fighting back as the price recovers to $0.01700. VeChain 1-day price chart: VET climbs back towards $0.01730 VeChain (VET) price action was gaining momentum rising to the $0.02400 mark but fell to the $0.0100 mark in a flash crash before recovering to the $0.0200 mark. However, the bulls could not hold the level and the price crashed to $0.01700 before climbing back towards $0.01800, affecting the price avg. However, the volatility remained high as the price crashed to the $0.01350 mark before recovering back to $0.01700. Now the bulls are attempting to cross the $0.01800 mark. VET/USDT price chart by Tradingview The Relative Strength Index (RSI) stands at 50.82 showing neutral market sentiment while suggesting room for movement in either direction at the current Vechain price. The Moving Average Convergence Divergence (MACD), shows increasing bullish momentum at 0.00040. The converging Bollinger Bands suggest lower volatility across the next few days. VeChain 4-hour price chart: VET shows rising bearish momentum VeChain (VET) live price trades at $0.01730 on the 4-hour chart, showing significant recovery as VET rose from below $0.01400 with an increase of 24.5% over the last 7 days. In recent hours, the price recovered to $0.01730 but struggles to find a breakthrough above $0.01800. VET/USDT Price Chart: TradingView The Relative Strength Index (RSI) falls to 53.62, showing declining bullish sentiment as the price struggles above $0.01750. The indicator leaves room for volatile movement in either direction. Meanwhile, the Moving Average Convergence Divergence (MACD) shows rising bearish market momentum, with the MACD line at -0.00007. However, the price volatility may rise if the price falls back below the $0.01700 mark. VeChain technical indicators: Levels and action Daily simple moving average (SMA) Period Value Action SMA 3 $ 0.01999 SELL SMA 5 $ 0.01864 SELL SMA 10 $ 0.01690 BUY SMA 21 $ 0.01695 BUY SMA 50 $ 0.01914 SELL SMA 100 $ 0.02185 SELL SMA 200 $ 0.02346 SELL Daily exponential moving average (EMA) Period Value Action EMA 3 $ 0.01738 SELL EMA 5 $ 0.01866 SELL EMA 10 $ 0.02064 SELL EMA 21 $ 0.02235 SELL EMA 50 $ 0.02347 SELL EMA 100 $ 0.02425 SELL EMA 200 $ 0.02611 SELL What to expect from VET price analysis? VET/USDT Price Chart: TradingView Vechain price analysis across the daily and 4-hour charts, utilizing historical data, indicates a sharp crash after holding at the $0.01750 for the better part of October. While the recent recovery to $0.01700 can be considered a bullish sign, the selling pressure is still weighing strong on the asset’s price action. Overall, Vechain suggests that the bulls may continue the recovery towards $0.01950 albeit with a brief trend consolidation at the current $0.01700-0.01850 price level, setting the stage for the next bull run . However, further recovery hinges on the current key level at $0.01700 and $0.01850 each level suggesting a breakout from the level. Is Vechain a good investment? VeChain, as a notable blockchain project, stands out among crypto tokens in cryptocurrency because it focuses on supply chain management and enterprise solutions, which is not considered financial advice . It offers transparency and traceability across various industries, enhancing trust and efficiency in global trade. With partnerships with major companies and a strong emphasis on real-world applications, many believe VeChain is a good buy due to its significant growth potential. Its innovative use cases and practical implementations appeal to businesses seeking operational improvements, making it a good investment option for an informed investment decision , However, it is advised to do your own research and conduct experts opinion before investing in the volatile market. Why is VET up? VeChain (VET) price shows significant decay as VET fell below $0.01600 with a decrease of 10% over the last few days. In the last 7-days, the price fell below the $0.01350 level before recovering swiftly to the current $0.01730 mark, Will VeChain recover? VeChain has experienced a notable selloff in the last thirty days, with the price falling from near the $0.03 mark to its highest price of the period to the current 0.021 level. However, industry analysts suggest that this downturn in the financial markets may not be long-term, a sentiment shared by many VET holders . Most projections indicate that VeChain could regain strength as market conditions improve, with expectations for the asset to potentially close the year between the $0.035 and $0.05 price levels. Will VeChain reach $0.05? Analysts suggest VeChain could attain $0.05 by 2025, as the minimum price is projected to be $0.0234 and the average price at $0.0544, as per the vet price prediction 2025. with a potential peak of $0.0572. Will VeChain reach $0.10? VET is expected to trade above $0.10 by 2028, with the minimum price projected at $0.10, and both the average and maximum prices reaching $0.12, these are two extreme values . Does VET have a good long-term future? VET has a good long-term future due to its strong use cases, growing on chain activity, and active development team. Recent news/opinion on Vechain VeChain recently announced that it has partnered with HalbornSecurity for the audit of its Hayabus Smart Contracts. We're excited to share we're working with the industry leading @HalbornSecurity team to audit our Hayabusa smart contracts. The upgrades coming to VeChain are some of the most substantial. Getting them right first time is critical. >New tokenomics > More rewarding staking >… pic.twitter.com/H9qONrFslt — VeChain (@vechainofficial) October 2, 2025 VeChain price prediction November 2025 In November 2025, the price of VeChain is anticipated to reach a minimum of $0.0131. The VET price can be expected to peak at $0.0187, maintaining an average of $0.0147 by the end of the month. Month Minimum Price ($) Average Price ($) Maximum Price ($) November 0.0131 0.0147 0.0187 VeChain price prediction 2025 In 2025, the price of the VeChain coin is anticipated to touch a minimum of $0.0131, reflecting the current VeChain sentiment. The VET price might peak at $0.0321, maintaining an average of $0.0305 by the end of the year. Year Minimum Price ($) Average Price ($) Maximum Price ($) 2025 0.0131 0.0305 0.0321 VeChain price prediction 2026-2031 Year Minimum Price ($) Average Price ($) Maximum Price ($) 2026 0.0316 0.0350 0.0375 2027 0.0432 0.0503 0.0532 2028 0.0566 0.0646 0.0675 2029 0.0699 0.0780 0.0804 2030 0.0993 0.11 0.11 2031 0.14 0.15 0.15 VeChain Price Prediction 2026 For 2026, VeChain (VET) is expected to reach a minimum price of $0.0316. It could potentially climb to a high of $0.0375, averaging around $0.0350. VeChain Price Prediction 2027 By 2027, VeChain’s price is projected to trade at a minimum value of $0.0432. It might surge to a high of $0.0532, with an average price hovering around $0.0503. VeChain Price Prediction 2028 VeChain is estimated to trade at a minimum of $0.0566 in 2028. It might reach a maximum of $0.0675, with an average value of $0.0646. VeChain Price Prediction 2029 In 2029, VeChain’s price will likely hit a floor of $0.0699. Based on analysis, it could peak at $0.0804, with an average expected price of $0.0780. VeChain Price Prediction 2030 The VeChain price prediction for 2030 projects a minimum price of $0.0993, a maximum price of $0.11, and an average trading price of $0.11. VeChain Price Prediction 2031 In 2031, VeChain could trade at minimum and maximum prices of $0.14 and $0.15, respectively. The price might maintain an average of $0.15. Vechain Price Prediction Vechain Price Forecast: By Analysts Firm 2025 2026 Coincodex $0.0406 $0.05091 DigitalCoinPrice $0.040 $0.050 CryptoPredictions.com $0.048 $0.054 Cryptopolitan’s VeChain (VET) price prediction Cryptopolitan’s market analysis predictions show that VeChain will achieve a high of $0.0321 in 2025. In 2027, it will range between $0.0432 and $0.0532, with an average of $0.0503. In 2031, it will range between $0.14 and $0.15, with an average of $0.15. Note that these predictions are not investment advice. Seek independent professional consultation or do your own research. VeChain historic price sentiment VeChain Price History VeChain began in 2015 as a private consortium chain for blockchain applications. It transitioned to a public blockchain with the ERC-20 token VEN in 2017 and launched its mainnet as VET in 2018. In 2018, VeChain partnered with DHL to develop blockchain solutions for logistics but saw a significant price correction, stabilizing at lower levels. The price remained relatively stable in 2019 and 2020, with occasional spikes as VeChain continued developing technology and forming partnerships. In 2021, VeChain’s price surged to an all-time high of $0.20 in May but dropped to $0.070 by December. In 2022, VeChain attempted to recover but remained below $0.10, with continued volatility throughout the year and into early 2023. Towards the end of 2023, the price saw a slight uptick, stabilizing around $0.020 by early 2024. In 2024, VeChain’s price fluctuated, recovering to $0.025 by mid-March but dropping due to bearish trends, reaching a low of $0.019 by August. It traded around $0.021 in September but ended the month above the $0.024 mark. The price remained mostly stable in October, with the occasional bearish movement causing a decline from the $0.02400 level to start November at the $0.02100 price level. The asset closed November at a high level, with prices near the $0.04600 mark and a strong bullish outlook. However, the bulls only took the price higher in December, as the $0.0500 resistance was crushed swiftly. As of January 2025, VET traded around the $0.04300 mark as it started and closed the month around the same level. In February, the price fell towards the $0.03000 mark as bears took over, ending the month at $0.02800. In March, the net movement was low, but the volatility was very high, as the price fell to $0.02200 where it closed the month. In April the price saw an initial crash but observed sharp recovery ending the month above the $0.02600 mark. In May the price dwindled again ending the month around $0.0250. In June the price continued to struggle as it dropped to $0.0200 to end the month. July saw a sharp rise to the asset’s volatility with VET crossing the $0.02800 mark. However, the price could not be maintained and VET ended the month around the $0.02200 level. In September, the price saw high volatility reaching as high as $0.0260 but failed to stay at the level and ended the month below the $0.02200 mark. In October, the price declined further and ended the month below the $0.01500 mark as bears dominated the crypto markets during the later half of the month.",{},2025-11-11 21:45:16.353528 +00:00,2025-11-11 21:45:16.353528 +00:00
33,coindesk,https://cointelegraph.com/news/three-years-ftx-collapse-crypto-creditors-exchangeearns-back-trust,"Three years after FTX’s collapse, creditors wait as the industry rebuilds trust",2025-11-11 20:28:00.000000 +00:00,2025-11-11 21:45:16.355552 +00:00,"The 2022 FTX bankruptcy pushed crypto toward greater transparency across exchanges and DeFi, yet some who lost funds in the crisis still haven't been paid.",{},2025-11-11 21:45:16.355552 +00:00,2025-11-11 21:45:16.355552 +00:00
34,coindesk,https://decrypt.co/348230/coinbase-abandons-2-billion-acquisition-stablecoin-firm-bvnk-fortune,Coinbase Abandons $2 Billion Acquisition of Stablecoin Firm BVNK: Fortune,2025-11-11 20:28:38.000000 +00:00,2025-11-11 21:45:16.357173 +00:00,"American crypto exchange Coinbase has scrapped plans to acquire stablecoin firm BVNK, according to a report Tuesday.",{},2025-11-11 21:45:16.357173 +00:00,2025-11-11 21:45:16.357173 +00:00
35,coindesk,https://seekingalpha.com/news/4520159-coinbases-ends-acquisition-talks-with-stablecoin-firm-bvnk---report,Coinbase ends acquisition talks with stablecoin firm BVNK,2025-11-11 20:29:08.000000 +00:00,2025-11-11 21:45:16.358771 +00:00,"More on Coinbase Key Takeaways From Q3 2025 Coinbase Earnings Coinbase Global, Inc. (COIN) Q3 2025 Earnings Call Transcript Coinbase: Buy On Growing Revenue Streams Coinbase unveils new platform for pre-listing token offerings Crypto hacks surge, fueling record demand for offline wallets like Ledger",{},2025-11-11 21:45:16.358771 +00:00,2025-11-11 21:45:16.358771 +00:00
36,coindesk,https://en.coin-turk.com/coinbase-cancels-mega-deal-as-bitcoin-faces-dips/,Coinbase Cancels Mega Deal As Bitcoin Faces Dips,2025-11-11 20:29:51.000000 +00:00,2025-11-11 21:45:16.360364 +00:00,"Coinbase unexpectedly canceled a $2 billion acquisition with BVNK. The cancellation coincides with Bitcoin dropping below $103,000. Continue Reading: Coinbase Cancels Mega Deal As Bitcoin Faces Dips The post Coinbase Cancels Mega Deal As Bitcoin Faces Dips appeared first on COINTURK NEWS .",{BTC},2025-11-11 21:45:16.360364 +00:00,2025-11-11 21:45:16.360364 +00:00
37,coindesk,https://u.today/xrp-in-spotlight-as-us-chartered-bank-launches-crypto-trading-services,XRP in Spotlight as U.S. Chartered Bank Launches Crypto Trading Services,2025-11-11 20:30:31.000000 +00:00,2025-11-11 21:45:16.362406 +00:00,"XRP traders are excited about a new development that allows the trading of XRP and other cryptocurrencies on the leading U.S.-chartered bank, SoFi",{XRP},2025-11-11 21:45:16.362406 +00:00,2025-11-11 21:45:16.362406 +00:00
38,coindesk,https://en.bitcoinsistemi.com/fresh-whales-are-accumulating-this-altcoin-on-chain-data-shows/,Fresh Whales Are Accumulating This Altcoin – On-Chain Data Shows,2025-11-11 20:33:08.000000 +00:00,2025-11-11 21:45:16.364648 +00:00,"Whale movements in the cryptocurrency market have accelerated again. Onchain data shows that some large wallets, especially newly created ones, are heavily accumulating Chainlink (LINK), while massive amounts of ETH and BTC are moving between exchanges. Over the past three days, the newly created whale with the short address “0x618” withdrew a total of 179,393 LINK from Binance, amassing approximately $2.88 million. The address's most recent transfer was 62,636 LINK ($1 million). During the same period, another new wallet, “0xd11,” withdrew another 145,250 LINK ($2.33 million) from Binance just an hour ago. Related News: Historic Moment Has Arrived: XRP Spot ETF Will Soon Begin Trading - Here's the Date and Time On the other side of the market, a massive Ethereum movement was recorded. A whale withdrew 60,000 ETH ($213.73 million) from Binance and deposited it directly into Aave V3. This move brought the total ETH balance in that wallet to 326,902 ETH ($1.16 billion). On the Bitcoin side, the outlook is even bleaker. A whale deposited 500 BTC ($52.8 million) he had held for about four months onto the Gate exchange, incurring a $6.85 million loss. The BTC in question had initially been withdrawn at $59.4 million. Finally, a whale, or institutional wallet, deposited a total of 1.19 million UNI ($10.54 million) into Binance. This position cost $11.45 million, with purchases made through Binance and Flowdesk between February 2025 and October 2025. This means the wallet lost approximately $914,000 on its UNI position. *This is not investment advice. Continue Reading: Fresh Whales Are Accumulating This Altcoin – On-Chain Data Shows",{BNB},2025-11-11 21:45:16.364648 +00:00,2025-11-11 21:45:16.364648 +00:00
39,coindesk,https://en.coinotag.com/coinbase-reportedly-ends-2-billion-acquisition-talks-with-stablecoin-firm-bvnk/,Coinbase Reportedly Ends $2 Billion Acquisition Talks with Stablecoin Firm BVNK,2025-11-11 20:40:07.000000 +00:00,2025-11-11 21:45:16.366816 +00:00,"Coinbase has ended negotiations to acquire UK-based stablecoin infrastructure firm BVNK, valued at around $2 billion, according to a Fortune report. The decision was mutual after initial advanced talks involving",{},2025-11-11 21:45:16.366816 +00:00,2025-11-11 21:45:16.366816 +00:00
40,coindesk,https://en.coinotag.com/three-years-after-ftx-collapse-bitcoin-rally-underscores-creditor-repayment-hurdles/,Three Years After FTX Collapse: Bitcoin Rally Underscores Creditor Repayment Hurdles,2025-11-11 20:41:16.000000 +00:00,2025-11-11 21:45:16.368488 +00:00,"The FTX bankruptcy in 2022 drove major advances in crypto transparency, prompting centralized exchanges to implement proof-of-reserves audits and DeFi protocols to bolster risk management, though many affected creditors remain",{BTC},2025-11-11 21:45:16.368488 +00:00,2025-11-11 21:45:16.368488 +00:00
41,coindesk,https://en.coinotag.com/sofis-xrp-trading-launch-could-boost-adoption-as-first-u-s-chartered-bank/,SoFi’s XRP Trading Launch Could Boost Adoption as First U.S. Chartered Bank,2025-11-11 20:43:06.000000 +00:00,2025-11-11 21:45:16.370586 +00:00,"SoFi has launched crypto trading services, becoming the first U.S. nationally chartered bank to offer direct access to Bitcoin, XRP, and other assets through traditional banking accounts, enhancing mainstream adoption","{BTC,ETH,XRP}",2025-11-11 21:45:16.370586 +00:00,2025-11-11 21:45:16.370586 +00:00
42,coindesk,https://en.bitcoinsistemi.com/renowned-strategist-speaks-about-bitcoins-future-no-one-understands-the-next-big-thing/,Renowned Strategist Speaks About Bitcoin’s Future: “No One Understands the Next Big Thing”,2025-11-11 20:43:08.000000 +00:00,2025-11-11 21:45:16.373161 +00:00,"The next big revolution in the financial world is on its way, but experts say most people are unaware of this transformation. Cryptocurrency strategist Mark Moss has suggested that Bitcoin’s power to revolutionize global finance lies in “Bitcoin treasury companies” that follow Michael Saylor’s “digital energy” model. In his interview, Moss claimed that this new Bitcoin-based financial system would reshape the $300 trillion fixed-income securities market, transforming everything from corporate balance sheets to national wealth storage methods. According to Mark Moss, the fact that Wall Street majors (JP Morgan, Paul Tudor Jones) see Bitcoin as the “ultimate hedge” against the dollar is only a small part of the picture. The real story will be the emergence of a system built on BTC treasuries and digital credit, where debt, yield, and money are rewritten on-chain. Moss cited MicroStrategy CEO Michael Saylor's strategy as the driving force behind this transformation. While traditional companies value or borrow based on future cash flows, Bitcoin treasury companies operate with a completely different model: Asset-Based Payment: These companies base their commitment to paying bondholders on their Bitcoin holdings, not future profits. Moss argued that MicroStrategy's existing BTC capital would be enough to pay off its liabilities for 100 years, even if it generated no other income. Digital Capital: Seeing Bitcoin as a leak-proof battery (digital energy), Moss stated that companies can protect their capital from meltdown and extend their corporate lifespan by holding Bitcoin on their balance sheets instead of cash. Related News: Binance Founder CZ's Investment Firm Announces New Project It Has Invested In Moss stated that the world's largest fixed-income securities market, worth over $300 trillion, will be transformed by the digital credit offered by Bitcoin. He added that there is the potential for thousands of new Bitcoin-based companies to emerge to meet the different risk and maturity profiles this market requires. The veteran strategist argues that, just like the early days of the internet and e-commerce, this transformation will initially be met with skepticism, but it will transform the entire system in the long run. According to Moss, investors should approach BTC with a 5- to 10-year vision, not as short-term speculation. Moss stated that Bitcoin has now entered not just one cycle but an entirely new era, warning that the true financial system reset may already have begun. *This is not investment advice. Continue Reading: Renowned Strategist Speaks About Bitcoin’s Future: “No One Understands the Next Big Thing”",{BTC},2025-11-11 21:45:16.373161 +00:00,2025-11-11 21:45:16.373161 +00:00
43,coindesk,https://cointelegraph.com/news/bitcoin-wave-3-expansion-targets-dollar200k-as-sell-side-pressure-fades-analyst,Bitcoin ‘Wave 3’ expansion targets $200K as sell-side pressure fades: Analyst,2025-11-11 20:47:07.000000 +00:00,2025-11-11 21:45:16.375356 +00:00,"Analysts believe Bitcoin could be starting its Wave III expansion, and if it plays out according to previous instances, BTC could reach the $200,000 to $240,000 range.",{BTC},2025-11-11 21:45:16.375356 +00:00,2025-11-11 21:45:16.375356 +00:00
44,coindesk,https://www.investing.com/analysis/xrp-faces-profittaking-as-etf-euphoria-fades-and-shorts-build-below-257-200669991,XRP Faces Profit-Taking as ETF Euphoria Fades and Shorts Build Below $2.57,2025-11-11 20:48:07.000000 +00:00,2025-11-11 21:45:16.377412 +00:00,"",{XRP},2025-11-11 21:45:16.377412 +00:00,2025-11-11 21:45:16.377412 +00:00
45,coindesk,https://en.coinotag.com/uk-sentences-woman-in-record-bitcoin-seizure-from-chinese-investment-scam/,UK Sentences Woman in Record Bitcoin Seizure from Chinese Investment Scam,2025-11-11 20:50:26.000000 +00:00,2025-11-11 21:45:16.379522 +00:00,"Zhimin Qian was sentenced to 11 years and eight months in prison for money laundering proceeds from a massive Chinese investment scam, resulting in the UK’s largest cryptocurrency seizure of",{BTC},2025-11-11 21:45:16.379522 +00:00,2025-11-11 21:45:16.379522 +00:00
46,coindesk,https://cointelegraph.com/news/michael-selig-cftc-chair-senate-hearing,Prospective CFTC chair to face hearing after Trump pulls first pick,2025-11-11 20:53:00.000000 +00:00,2025-11-11 21:45:16.381549 +00:00,"With the US government shutdown expected to end this week, the Senate Agriculture Committee scheduled a hearing to consider President Donald Trump’s pick to head the CFTC.",{},2025-11-11 21:45:16.381549 +00:00,2025-11-11 21:45:16.381549 +00:00
47,coindesk,https://www.bloomberg.com/news/articles/2025-11-11/coinbase-says-2-billion-deal-for-bvnk-won-t-move-forward,Coinbase Says $2 Billion Deal for BVNK Won’t Move Forward,2025-11-11 20:53:16.000000 +00:00,2025-11-11 21:45:16.383094 +00:00,"Coinbase Global Inc., the biggest US crypto exchange, said it won’t move forward with plans to acquire stablecoin infrastructure startup BVNK in what was a roughly $2 billion transaction.",{},2025-11-11 21:45:16.383094 +00:00,2025-11-11 21:45:16.383094 +00:00
48,coindesk,https://bitcoinworld.co.in/coinbase-acquisition-bvnk-cancelled/,Shocking Development: Coinbase Abandons $2 Billion BVNK Acquisition Deal,2025-11-11 20:55:10.000000 +00:00,2025-11-11 21:45:16.384728 +00:00,"BitcoinWorld Shocking Development: Coinbase Abandons $2 Billion BVNK Acquisition Deal In a stunning turn of events that has sent ripples through the cryptocurrency industry, Coinbase has abruptly terminated its planned $2 billion acquisition of stablecoin infrastructure provider BVNK. This massive Coinbase acquisition was poised to be one of the largest deals in crypto history, making its sudden cancellation particularly significant for market observers and investors alike. Why Did the Coinbase Acquisition Fall Through? The specific reasons behind the collapsed Coinbase acquisition remain shrouded in mystery, as neither company has disclosed detailed explanations for the deal’s termination. However, industry analysts point to several potential factors that could have influenced this decision: Regulatory pressures affecting cryptocurrency mergers Market conditions and valuation concerns Strategic realignment within Coinbase’s business priorities Due diligence discoveries during the acquisition process This failed Coinbase acquisition represents a significant setback for the exchange’s expansion into stablecoin infrastructure, an area that has become increasingly competitive among major crypto platforms. What Does This Mean for Stablecoin Infrastructure? The abandoned Coinbase acquisition deal raises important questions about the future of stablecoin development and infrastructure. BVNK, as a specialized stablecoin infrastructure startup, represented a strategic target for Coinbase’s growth ambitions in this crucial sector of the cryptocurrency ecosystem. Stablecoins have become fundamental to cryptocurrency trading and decentralized finance applications. Therefore, this failed Coinbase acquisition could signal: Potential consolidation challenges in the crypto infrastructure space Increased caution among major exchanges regarding large acquisitions Possible internal development priorities over external acquisitions How Will This Impact Coinbase’s Strategic Direction? This terminated Coinbase acquisition forces us to reconsider the exchange’s strategic roadmap. The $2 billion valuation indicated how seriously Coinbase viewed the stablecoin infrastructure space, making this cancellation particularly noteworthy for understanding the company’s future direction. The decision to walk away from such a substantial Coinbase acquisition suggests several possible strategic shifts: Focus on organic growth rather than acquisition-driven expansion Potential regulatory concerns influencing major business decisions Reassessment of the stablecoin market’s competitive landscape Resource allocation toward other strategic priorities What’s Next for BVNK After Failed Acquisition? For BVNK, the collapsed Coinbase acquisition represents both a challenge and an opportunity. While losing a $2 billion exit is undoubtedly disappointing, the company now has several potential paths forward in the evolving stablecoin infrastructure market. BVNK might pursue: Alternative partnership opportunities with other exchanges Independent growth strategy with new funding rounds Strategic pivot to address different market segments Potential acquisition interest from other major players Key Takeaways from the Cancelled Deal The abandoned Coinbase acquisition serves as a crucial case study for the cryptocurrency industry’s maturation. This development highlights several important trends that market participants should monitor closely in the coming months. Major implications include: Increased scrutiny of large-scale crypto acquisitions Potential cooling of merger and acquisition activity in the sector Greater emphasis on regulatory compliance in deal-making More cautious approach to valuation in cryptocurrency infrastructure The surprising collapse of this landmark Coinbase acquisition reminds us that even the most promising deals can unravel in the dynamic cryptocurrency landscape. As the industry continues to evolve, such developments provide valuable insights into the challenges and opportunities facing major players like Coinbase as they navigate complex market conditions and strategic decisions. Frequently Asked Questions Why did Coinbase cancel the BVNK acquisition? Neither company has disclosed specific reasons, but potential factors include regulatory concerns, market conditions, strategic realignment, or due diligence findings. How much was the BVNK acquisition worth? The deal was valued at approximately $2 billion, making it one of the largest potential acquisitions in cryptocurrency history. What does BVNK specialize in? BVNK is a stablecoin infrastructure startup focused on developing technology and services for stablecoin issuance, management, and integration. Will Coinbase pursue other acquisition targets? While not confirmed, the cancellation suggests Coinbase may be reevaluating its acquisition strategy, potentially focusing more on organic growth. How does this affect Coinbase’s stock price? Major acquisition cancellations can impact investor sentiment, though the long-term effect depends on Coinbase’s overall strategic execution. What are the implications for the stablecoin market? This development may signal increased caution in stablecoin infrastructure investments and potential consolidation challenges in the sector. Found this analysis of the surprising Coinbase acquisition cancellation helpful? Share this article with fellow crypto enthusiasts on your social media platforms to spread awareness about this significant industry development! To learn more about the latest cryptocurrency trends, explore our article on key developments shaping cryptocurrency institutional adoption. This post Shocking Development: Coinbase Abandons $2 Billion BVNK Acquisition Deal first appeared on BitcoinWorld .",{},2025-11-11 21:45:16.384728 +00:00,2025-11-11 21:45:16.384728 +00:00
49,coindesk,https://en.coinotag.com/us-senate-eyes-cftc-chair-nomination-hearing-as-crypto-market-bill-advances/,US Senate Eyes CFTC Chair Nomination Hearing as Crypto Market Bill Advances,2025-11-11 20:55:19.000000 +00:00,2025-11-11 21:45:16.386443 +00:00,"Michael Selig, a pro-crypto lawyer serving as chief counsel for the SEC’s crypto task force, has been nominated by President Donald Trump to chair the CFTC. His confirmation hearing is",{BTC},2025-11-11 21:45:16.386443 +00:00,2025-11-11 21:45:16.386443 +00:00
50,coindesk,https://en.bitcoinsistemi.com/arthur-hayes-bought-this-altcoin-today-onchain-data-revealed/,Arthur Hayes Bought This Altcoin Today – Onchain Data Revealed,2025-11-11 20:59:09.000000 +00:00,2025-11-11 21:45:16.388705 +00:00,"BitMEX founder Arthur Hayes, one of the most talked-about names in the cryptocurrency world, appears to have purchased an altcoin, according to onchain data. According to the data, Hayes purchased 28,670 UniSwap (UNI) tokens worth $257,000 via OTC trading platform FlowDesk. UniSwap recently announced that it would be activating a fee switch mechanism on its platform. In addition, the developers reported that a token burn of up to $100 million could be held. Related News: A Stealth Rally May Be Beginning in Ethereum (ETH) and These Altcoins, According to an Analysis Firm! Following this announcement, UNI surpassed the $10 level, then briefly experienced a partial pullback and is trading at $8.62 at the time of writing. Hayes' last purchase was made when UNI was at $8.96. With the shift in decentralized finance volume on Ethereum towards Layer-2 projects, UniSwap hasn't been doing well in recent months. It seems natural that UniSwap will be exploring new ways to regain its competitive edge, especially after platforms like Aster and Hyperliquid began supporting spot trading. *This is not investment advice. Continue Reading: Arthur Hayes Bought This Altcoin Today – Onchain Data Revealed","{ETH,UNI}",2025-11-11 21:45:16.388705 +00:00,2025-11-11 21:45:16.388705 +00:00
51,coindesk,https://www.newsbtc.com/news/uniswap/uniswap-founder-submits-governance-proposal-to-burn-uni-token-jumps-50/,Uniswap Founder Submits Governance Proposal To Burn UNI — Token Jumps 50%,2025-11-11 21:00:20.000000 +00:00,2025-11-11 21:45:16.391155 +00:00,"Uniswap is once again making headlines in the DeFi sector after Hayden Adams, founder and CEO of Uniswap Labs, announced a major governance proposal to activate protocol fees and align incentives across the Uniswap ecosystem. The announcement sent shockwaves through the market, with UNI’s price surging more than 50% in the hours following the news — reflecting renewed optimism among investors and traders. Related Reading: Anti-CZ Whale Flips Bullish On Ethereum: Now Up $15M On A $119.6M Long Position In a post shared on X, Adams reflected on Uniswap’s evolution: “Uniswap has been my passion and singular focus for the past 8 years. What started as a small side project is now global financial infrastructure powering thousands of applications with ~$1.8 trillion in annual trading.” Since UNI’s launch in 2020, Uniswap Labs has been largely unable to meaningfully participate in governance, constrained by regulatory pressures that Adams said cost “thousands of hours and tens of millions in legal fees.” Now, with the regulatory environment shifting, those limitations appear to be easing. Inside Hayden Adams’ Vision to Reshape Uniswap’s Future In his new governance proposal, Uniswap founder Hayden Adams outlined a sweeping plan to overhaul how the protocol operates, distributes value, and aligns incentives across its ecosystem. “At a high level,” Adams explained, the proposal seeks to activate protocol fees and direct them toward UNI burns, creating a sustainable mechanism for value accrual. The plan also includes sending Unichain sequencer fees to the UNI burn, further tightening the token’s supply, and burning 100 million UNI from the treasury, representing the fees that could have been burned if the mechanism had been active since launch. Another major component introduces Protocol Fee Discount Auctions, a new feature designed to improve liquidity provider (LP) outcomes and capture MEV (miner extractable value) directly for the protocol. Adams also proposes “aggregator hooks” for Uniswap v4, turning it into an on-chain aggregator capable of collecting fees from external liquidity sources — a move that could expand Uniswap’s reach across the DeFi ecosystem. Beyond these technical changes, the proposal redefines the role of Uniswap Labs, directing it to focus exclusively on protocol growth and governance-aligned initiatives, while ending fee collection on its interface, wallet, and API to encourage wider adoption. Finally, the plan would merge Foundation employees into Labs under a new growth fund and move governance-owned Unisocks liquidity to v4 on Unichain, where it would be burned. However, not everyone sees this as purely bullish. Some analysts argue the move reflects growing pressure from rivals like Aerodrome Finance, whose rapid ecosystem expansion has drawn liquidity away from Uniswap. From this perspective, the proposal may represent both a bold strategic pivot and a defensive play to reassert Uniswap’s dominance in a fast-evolving DeFi landscape. Related Reading: Ethereum Trading Volume On Binance Surpasses $6 Trillion: A Speculative Frenzy Unfolds UNI Price Analysis: Massive Breakout Follows Governance Proposal Uniswap’s native token, UNI, posted a powerful rebound following Hayden Adams’ governance proposal, with price action reflecting a decisive change in sentiment. As seen on the 3-day chart, UNI surged nearly +50%, climbing from around $5.80 to a local high above $10.30 before stabilizing near $8.20 at the time of writing. The spike came alongside a sharp rise in trading volume, indicating strong market participation and renewed investor confidence. Technically, UNI’s breakout has reclaimed both the 50-day and 100-day moving averages, suggesting a potential shift in momentum after months of bearish consolidation. However, the 200-day moving average near the $9.50–$10.00 zone remains a critical resistance level to watch. A clean break above it could open the door for a continuation toward the $12–$14 range, where UNI last faced heavy distribution. Related Reading: SharpLink Gaming Wallet Moves Freshly Redeemed Ethereum to OKX – Details The volume profile highlights significant accumulation pressure beneath $6, aligning with long-term support tested multiple times since mid-2024. While the market may see short-term retracement following such a sharp move, the combination of bullish fundamentals and structural recovery on the chart suggests UNI could be entering a new medium-term accumulation phase — with its next trajectory likely tied to community approval of the newly proposed protocol fee activation. Featured image from ChatGPT, chart from TradingView.com",{UNI},2025-11-11 21:45:16.391155 +00:00,2025-11-11 21:45:16.391155 +00:00
52,coindesk,https://bitcoinist.com/xrp-price-zcash-40x-rally/,Why The XRP Price Is Set To Repeat ZCASH’s Legendary 40x Rally,2025-11-11 21:00:21.000000 +00:00,2025-11-11 21:45:16.393421 +00:00,"A new XRP price chart shared by market analyst Mikybull Crypto suggests the digital asset could be on the verge of a significant price rally similar to Zcash’s legendary 40x breakout. Setting modest price targets of $8 to $10, Mikybull’s projection comes as XRP consolidates around the $2 mark, a level that technical analysts believe could serve as the foundation for its next parabolic move. XRP Price Pattern Repeating Zcash’s Legendary Rally Setup Mikybull’s chart reveals a clear pattern in XRP’s price behavior across different market cycles . Since 2014, the cryptocurrency has followed a familiar sequence: a rounded-bottom buildup, a breakout above a long-term downtrend, and a period of sideways trading before each big rally. The pattern first showed up between 2014 and 2017, contributing to XRP’s explosive rise to record highs during the 2017 bull market. Now, the chart shows a similar setup is happening again, but on a bigger scale. After almost five years of building up from 2018 to 2023, XRP has finally broken its long-term downtrend, creating a structure similar to the one preceding its previous significant surge. The chart also highlights a flat trading range, marked in orange, which traders refer to as a reaccumulation zone. This stage typically follows a breakout and occurs when the market absorbs selling pressure before resuming its upward movement. It appears that XRP could be entering the same “calm before the storm” stage that came before Zcash’s 40x rally . Analyst Targets $8–$10 As XRP Price Breakout Gains Momentum Mikybull’s $8 to $10 price target is not random. It aligns closely with key Fibonacci and historical resistance levels dating back to XRP’s 2018 peak. If this pattern continues to play out, the XRP price could rise four to five times higher from where it is now, a move that supports Mikybull’s idea that XRP might repeat Zcash’s rally. However, Mikybull isn’t the only one expecting a significant move in the XRP price. Another well-known market analyst, XForceGlobal, recently shared a similar view on X, saying, “I still think there is an extremely high chance that we are still going to hit our cycle targets of around $15–$30 per XRP this cycle.” While Mikybull’s $8–$10 range suggests a cautious and achievable goal, XForceGlobal’s $15–$30 range indicates that XRP may have the potential for a multi-stage rally, where the price first hits moderate targets and then pushes even further as momentum builds. Currently, XRP is holding above key support levels, moving sideways after breaking out of its long-term decline. If the pattern continues, XRP could be setting up for a rally like Zcash’s historic surge, with small gains just the first step in what might become a significant breakout.",{XRP},2025-11-11 21:45:16.393421 +00:00,2025-11-11 21:45:16.393421 +00:00
53,coindesk,https://www.cryptopolitan.com/canary-funds-spot-xrp-etf-launch/,"Canary XRP ETF receives automatic approval from the SEC, set to list on Nasdaq under the ticker symbol 'XRPC'",2025-11-11 21:00:41.000000 +00:00,2025-11-11 21:45:16.395714 +00:00,"Canary Capital has cleared the final regulatory hurdles for the first U.S. spot XRP exchange-traded fund (ETF), with trading expected to begin as early as Thursday, November 13, 2025, on Nasdaq under the ticker XRPC. The Form 8-A was filed with the US SEC on November 10 and is the final step before the XRP ETF launch. The spot XRP ETF is reportedly auto-effective and will likely begin trading this week. Nasdaq has already approved the listing of Canary XRP ETF shares on the exchange under the ticker symbol “XRPC” and has said that a description of the shares is contained in the trust’s “registration statement on Form S-1, filed with the Securities and Exchange Commission on or about October 24, 2025.” XRP ETFs are about to launch News of the potential XRP ETF launch has generated an immediate buzz on CT. The XRP token also reacted positively to the news, pumping by as much as 10%. Trading volume and futures open interest have also surged in the last few days amid anticipation of the Canary XRP ETF launch and the possibility of the US government shutdown ending. At the time of this writing, the price is trading at $2.43, and trading volume has increased by 40% in the last 24 hours, indicating interest among traders. Until the Canary Capital spot XRP ETF launches, traders will be closely monitoring the XRP price. There could still be last-minute comments, for example, on custody or surveillance, that might push the listing to December or later. Experts such as Nate Geraci see the XRP ETF launch as a big win for Ripple after many previous bouts with past anti-crypto regulators. Thought leaders like the Canary Capital CEO Steven McClurg expect the ETF to outperform Solana’s first week. He spotlighted demand in XRP as evident from market cap and trading volumes. There is a growing demand for XRP products So far, five spot XRP ETFs have been listed on the Depository Trust and Clearing Corporation ( DTCC ), including offerings from Franklin Templeton, Bitwise, and CoinShares, with a potential US launch expected this month. The listed funds are Franklin XRP Trust (XRPZ), 21Shares XRP ETF (TOXR), Bitwise XRP ETF (XRP), Canary XRP ETF (XRPC), and CoinShares XRP ETF (XRPL). With more issuers stepping up their execution timelines, market observers are now expecting to see WisdomTree’s XRP ETF join competing funds on DTCC. Amid the growing wave of filings, Grayscale is also seeking to launch its spot XRP ETF through a conversion of its existing XRP Trust, which has achieved approximately $14 million in assets under management since its rollout last September. With all that interest, it is no surprise that Solana and XRP futures have emerged as CME Group’s fastest-growing crypto products, a success that reflects increased market participation, which is sure to translate into greater price moves for the XRP token. Get $50 free to trade crypto when you sign up to Bybit now",{XRP},2025-11-11 21:45:16.395714 +00:00,2025-11-11 21:45:16.395714 +00:00
54,coindesk,https://ambcrypto.com/380m-in-crypto-liquidations-whats-behind-the-market-shake-up/,$380M in crypto liquidations – What’s behind the market shake-up?,2025-11-11 21:00:42.000000 +00:00,2025-11-11 21:45:16.397951 +00:00,Traders should beware of trying to catch a breakout and trying to time the next trend early.,"{BTC,ETH}",2025-11-11 21:45:16.397951 +00:00,2025-11-11 21:45:16.397951 +00:00
55,coindesk,https://en.coinotag.com/arthur-hayes-buys-244k-in-uni-after-3-year-hiatus-amid-fee-switch-proposal/,"Arthur Hayes Buys $244K in UNI After 3-Year Hiatus, Amid Fee Switch Proposal",2025-11-11 21:01:33.000000 +00:00,2025-11-11 21:45:16.400255 +00:00,"Arthur Hayes UNI investment highlights the co-founder of BitMEX returning to Uniswap after three years, purchasing 28,670 UNI tokens for $244,000 amid a 48% price surge driven by the fee-switch","{ETH,UNI,USDC}",2025-11-11 21:45:16.400255 +00:00,2025-11-11 21:45:16.400255 +00:00
56,coindesk,https://en.coinotag.com/canary-capitals-spot-xrp-etf-clears-hurdles-eyes-nasdaq-launch-this-week/,"Canary Capital’s Spot XRP ETF Clears Hurdles, Eyes Nasdaq Launch This Week",2025-11-11 21:05:16.000000 +00:00,2025-11-11 21:45:16.402684 +00:00,"The first U.S. spot XRP ETF from Canary Capital has overcome final regulatory obstacles, with trading slated to commence on Nasdaq under the ticker XRPC as early as November 13,","{BTC,ETH,SOL,XRP}",2025-11-11 21:45:16.402684 +00:00,2025-11-11 21:45:16.402684 +00:00
57,coindesk,https://ambcrypto.com/chinese-cryptoqueen-gets-11-years-for-4-2-billion-bitcoin-ponzi-scheme/,Chinese ‘Cryptoqueen’ gets 11 years for £4.2 billion Bitcoin ponzi scheme,2025-11-11 21:05:25.000000 +00:00,2025-11-11 21:45:16.405310 +00:00,"UK courts sentenced Chinese national Qian Zhimin to 11 years for laundering billions in Bitcoin stolen from 120,000 investors through a Ponzi scheme disguised as a crypto mining operation.",{BTC},2025-11-11 21:45:16.405310 +00:00,2025-11-11 21:45:16.405310 +00:00
58,coindesk,https://en.coinotag.com/bitcoin-liquidations-reach-81m-amid-range-bound-trading-and-possible-dip-to-103-8k/,Bitcoin Liquidations Reach $81M Amid Range-Bound Trading and Possible Dip to $103.8K,2025-11-11 21:06:49.000000 +00:00,2025-11-11 21:45:16.407335 +00:00,"Crypto liquidations surged to $379.9 million in the past 24 hours due to Bitcoin’s retracement from $107k to $104.7k, triggering forced closures of leveraged positions. Long positions dominated losses as","{BTC,ETH}",2025-11-11 21:45:16.407335 +00:00,2025-11-11 21:45:16.407335 +00:00
59,coindesk,https://bitcoinworld.co.in/usdt-transfer-whale-okx/,Massive USDT Transfer: Unpacking the $257 Million Whale Move to OKX,2025-11-11 21:10:10.000000 +00:00,2025-11-11 21:45:16.409619 +00:00,"BitcoinWorld Massive USDT Transfer: Unpacking the $257 Million Whale Move to OKX Have you ever wondered how a single transaction can send ripples across the crypto world? Whale Alert just reported a staggering 257,059,000 USDT transfer from an unknown wallet to OKX, valued at approximately $257 million. This massive USDT transfer highlights the power of whale movements in shaping market dynamics. Let’s dive into what this means for traders and the broader cryptocurrency landscape. What Does This USDT Transfer Signal? A USDT transfer of this magnitude often indicates strategic moves by large holders. When whales move funds to exchanges like OKX, it can precede significant buying or selling activity. Therefore, monitoring such transactions helps investors gauge potential market shifts. This particular USDT transfer might suggest accumulation or preparation for major trades, influencing Tether’s liquidity and stability. Why Should You Care About Whale Alerts? Whale alerts serve as early warnings for market trends. For instance, this USDT transfer could impact: Price Volatility : Large inflows to exchanges may increase selling pressure. Market Sentiment : Positive or negative reactions from the community. Liquidity Changes : Enhanced trading volumes on platforms like OKX. Moreover, understanding these movements empowers you to make informed decisions. By tracking this USDT transfer, you can anticipate fluctuations and protect your investments. How Do Unknown Wallets Affect Transparency? Transactions from unknown wallets add an element of mystery to the crypto space. While blockchain is transparent, the identities behind addresses remain hidden. This USDT transfer raises questions about the sender’s intentions. Is it an institution, a wealthy individual, or something else? Regardless, it underscores the need for vigilance in decentralized ecosystems. What Are the Broader Implications for Crypto? Such a massive USDT transfer reflects growing institutional interest in cryptocurrencies. As more capital flows into exchanges, it validates the asset class’s maturity. However, challenges like regulatory scrutiny and market manipulation risks persist. By analyzing this USDT transfer, we see both opportunities and hurdles ahead for digital assets. Conclusion: Stay Ahead of the Curve In summary, this $257 million USDT transfer to OKX is a powerful reminder of whales’ influence. By staying informed and responsive, you can navigate crypto markets with confidence. Keep an eye on whale alerts to turn insights into actionable strategies. Frequently Asked Questions What is a USDT transfer? It’s a transaction involving Tether (USDT), a stablecoin pegged to the US dollar, often used for trading and liquidity. Why do whales move funds to exchanges? They may do so to execute large trades, capitalize on price movements, or manage portfolios efficiently. How can I track whale activity? Use tools like Whale Alert or blockchain explorers to monitor large transactions in real-time. Does a USDT transfer always affect prices? Not always, but it can indicate potential volatility, especially if linked to market orders. What risks come with whale movements? They can cause sudden price swings or liquidity issues, impacting smaller traders. Is Tether safe for large transfers? Yes, as a widely adopted stablecoin, it offers reliability, though always assess market conditions. Found this analysis insightful? Share it on social media to help others stay updated on crucial crypto developments! To learn more about the latest cryptocurrency trends, explore our article on key developments shaping Tether and institutional adoption. This post Massive USDT Transfer: Unpacking the $257 Million Whale Move to OKX first appeared on BitcoinWorld .",{USDT},2025-11-11 21:45:16.409619 +00:00,2025-11-11 21:45:16.409619 +00:00
60,coindesk,https://news.bitcoin.com/cleanspark-rolls-out-1-billion-convertible-note-plan-for-expansion/,Cleanspark Rolls out $1 Billion Convertible Note Plan for Expansion,2025-11-11 21:22:39.000000 +00:00,2025-11-11 21:45:16.411927 +00:00,"Cleanspark announced plans to offer $1 billion in convertible senior notes due 2032, with an additional $200 million option for initial purchasers. Cleanspark Plans $1B Private Notes Sale to Fuel Growth, Buy Back Shares According to the company’s latest filing, Cleanspark (Nasdaq: CLSK) intends to use up to $400 million of the proceeds to repurchase",{},2025-11-11 21:45:16.411927 +00:00,2025-11-11 21:45:16.411927 +00:00
61,coindesk,https://bitcoinworld.co.in/bitcoin-buying-opportunity-support-zone/,Strategic Bitcoin Buying Opportunity: Why the $94K-$95K Zone Could Be Your Golden Entry Point,2025-11-11 21:25:10.000000 +00:00,2025-11-11 21:45:16.413706 +00:00,"BitcoinWorld Strategic Bitcoin Buying Opportunity: Why the $94K-$95K Zone Could Be Your Golden Entry Point Are you watching Bitcoin’s crucial $94,000-$95,000 support zone? Market analysts identify this price range as a potential strategic Bitcoin buying opportunity that could reward patient investors. According to Bitcoin Vector, a Swissblock-affiliated analysis firm, this key level aligns with Bitcoin’s one-year chart opening price, creating what might be your best chance to accumulate BTC before the next major move. Why Is This Bitcoin Buying Opportunity So Significant? Bitcoin Vector’s analysis reveals that the $94,000-$95,000 range represents more than just another price level. This zone corresponds with Bitcoin’s opening price on the one-year chart, creating psychological significance for traders and investors. When prices approach these historically important levels, market sentiment often shifts dramatically. The firm notes this alignment could trigger extreme fear among short-term traders, potentially leading to panic selling. However, for strategic investors, this creates the perfect Bitcoin buying opportunity to accumulate positions at favorable prices. What Makes This a Strategic Accumulation Zone? Several factors make this price range particularly interesting for long-term holders: Psychological support level that often attracts institutional buying Historical significance as the one-year chart opening price Potential for panic-driven dips that create better entry points Long-term accumulation potential for patient investors This combination of technical and psychological factors creates what analysts consider a prime Bitcoin buying opportunity for those with a long-term perspective. How Should Investors Approach This Bitcoin Buying Opportunity? Successful investors understand that the best opportunities often appear during moments of market uncertainty. Bitcoin Vector emphasizes that panic-driven price movements frequently create the most favorable entry points for accumulation. Rather than following the crowd during fear periods, strategic investors recognize these moments as potential Bitcoin buying opportunities. The key is maintaining perspective during volatile periods. When prices approach significant support zones like $94,000-$95,000, emotional trading often dominates. However, this is exactly when disciplined investors can capitalize on what might become a memorable Bitcoin buying opportunity. What Are the Risks and Rewards? Every investment opportunity carries both potential rewards and risks. The current Bitcoin buying opportunity presents: Potential reward: Accumulation at key support before potential upward movement Primary risk: Further price decline if support levels break Strategic advantage: Position building during periods of market fear Long-term perspective: Focus on multi-cycle holding strategy Understanding these dynamics helps investors make informed decisions about this Bitcoin buying opportunity rather than reacting emotionally to short-term price movements. Why Long-Term Perspective Matters in This Bitcoin Buying Opportunity Bitcoin Vector’s analysis specifically targets long-term holders who understand cryptocurrency market cycles. The firm suggests that temporary price dips to key support levels often represent the best Bitcoin buying opportunities for investors focused on multi-year timeframes. Historical patterns show that significant support zones frequently precede substantial price movements. The current Bitcoin buying opportunity at $94,000-$95,000 could follow this pattern, making it particularly attractive for patient accumulation strategies. Key Takeaways for Strategic Investors This potential Bitcoin buying opportunity highlights several important principles for cryptocurrency investors: Major support zones often provide the best entry points Market fear creates opportunities for disciplined investors Long-term perspective outweighs short-term volatility concerns Technical analysis combined with market psychology identifies optimal accumulation levels The $94,000-$95,000 Bitcoin buying opportunity represents more than just a price level—it’s a potential turning point for strategic portfolio positioning. Conclusion: Seizing the Moment in Bitcoin’s Journey The identified Bitcoin buying opportunity at $94,000-$95,000 represents a convergence of technical analysis and market psychology that rarely occurs. For investors who maintain discipline during periods of market uncertainty, this zone could provide an optimal accumulation point. Remember that the most profitable decisions often feel uncomfortable in the moment, and this Bitcoin buying opportunity may test investor resolve before potentially rewarding patience and strategic thinking. Frequently Asked Questions What makes the $94K-$95K zone a significant Bitcoin buying opportunity? This price range aligns with Bitcoin’s one-year chart opening price, creating strong psychological support that often attracts strategic accumulation during market dips. How reliable are these support zone predictions? While no prediction is guaranteed, historical patterns show that major support levels frequently provide favorable entry points for long-term investors. Should I invest my entire portfolio at this Bitcoin buying opportunity? Diversification remains crucial. Consider this as a potential accumulation point within a broader, balanced investment strategy rather than an all-in moment. What happens if Bitcoin breaks below this support zone? Support levels can break, which is why position sizing and risk management remain essential components of any investment approach. How long should I hold after buying at this opportunity? This analysis targets long-term holders, suggesting a multi-cycle perspective rather than short-term trading timeframe. What other factors should I consider besides this price level? Consider overall market conditions, personal financial goals, and portfolio allocation alongside technical analysis when evaluating any investment opportunity. Found this analysis helpful? Share this strategic Bitcoin buying opportunity insight with fellow investors on social media to help them make informed decisions during this crucial market moment. To learn more about the latest Bitcoin trends, explore our article on key developments shaping Bitcoin price action and institutional adoption. This post Strategic Bitcoin Buying Opportunity: Why the $94K-$95K Zone Could Be Your Golden Entry Point first appeared on BitcoinWorld .",{BTC},2025-11-11 21:45:16.413706 +00:00,2025-11-11 21:45:16.413706 +00:00
62,coindesk,https://en.coinotag.com/sharplink-boosts-eth-staking-rewards-to-7067-as-bitmine-hits-3-5m-holdings/,"SharpLink Boosts ETH Staking Rewards to 7,067 as Bitmine Hits 3.5M Holdings",2025-11-11 21:31:14.000000 +00:00,2025-11-11 21:45:16.416180 +00:00,"Institutional Ethereum staking is gaining momentum, with SharpLink generating 492 ETH in rewards last week, totaling 7,067 ETH since June 2025, while Bitmine’s holdings reach 3.5 million ETH, highlighting strong","{COMP,ETH}",2025-11-11 21:45:16.416180 +00:00,2025-11-11 21:45:16.416180 +00:00
63,coindesk,https://timestabloid.com/xrp-burn-rate-surges-60-in-24-hours-heres-the-significance/,Major XRP Metric Surges 60% In 24 Hours. Here’s What Happened,2025-11-11 21:31:45.000000 +00:00,2025-11-11 21:45:16.418389 +00:00,"Over the past 24 hours, XRP has seen a marked acceleration in network usage. The number of tokens burned as transaction fees climbed sharply, rising from 667 XRP to 1,073 XRP. Skipper (@skipper_xrp), an XRP enthusiast, highlighted this shift, noting that the burn rate had “skyrocketed significantly by 60.87% in the last 24 hours.” While the absolute amount of XRP burned may seem small in comparison to the asset’s total supply, the rate of change is significant. This increase signals heightened on-chain activity, a trend that often corresponds with more transactions and utility across the XRP Ledger. In a market where investor sentiment can shift quickly, such growth suggests that confidence in XRP’s infrastructure and adoption remains strong. JUST IN: #XRP has seen its burn rate skyrocket significantly by 60.87% in the last 24 hours. Following this impressive growth, the amount of XRP burned as fees has increased from the 667 tokens recorded yesterday to 1,073 XRP today. pic.twitter.com/1CDkGd0AX8 — Skipper | XRPL (@skipper_xrp) November 8, 2025 XRP’s Deflationary Mechanism XRP’s design includes a built-in deflationary feature , where each transaction burns a small amount of XRP permanently. This structure ensures that over time, the total supply gradually decreases. An increase in burn rate therefore has a cumulative effect on the asset’s scarcity. As activity on the network expands through payments, cross-border transfers, or tokenized asset operations, the burn rate rises accordingly. Analysts and community members often interpret higher burn levels as an indicator of growing utility. The most recent 60.87% jump demonstrates that XRP’s network is seeing stronger transactional demand , aligning with its long-term goal of supporting global payment flows. While short-term price movements may remain volatile, the sharp rise in burn activity is an encouraging sign for those who see XRP’s deflationary framework as central to its long-term resilience. A Positive Indicator for Value Stability A higher burn rate reinforces the deflationary model that many investors view as a key advantage of XRP. With each token destroyed, the remaining supply becomes slightly more limited , which can contribute to maintaining or increasing value if demand persists. Unlike inflationary assets that introduce new tokens into circulation, XRP has a fixed total supply , and the system ensures gradual supply contraction, promoting scarcity over time. This process not only reflects the network’s health but also enhances XRP’s appeal as a long-term digital asset. When activity accelerates in conjunction with higher burn levels, it signals that the ecosystem is being utilized for its intended purpose of real-world settlement and liquidity functions. The network’s efficiency and low transaction costs further encourage ongoing use, which sustains this deflationary cycle. Disclaimer : This content is meant to inform and should not be considered financial advice. The views expressed in this article may include the author’s personal opinions and do not represent Times Tabloid’s opinion. Readers are advised to conduct thorough research before making any investment decisions. Any action taken by the reader is strictly at their own risk. Times Tabloid is not responsible for any financial losses. Follow us on X , Facebook , Telegram , and Google News The post Major XRP Metric Surges 60% In 24 Hours. Here’s What Happened appeared first on Times Tabloid .",{XRP},2025-11-11 21:45:16.418389 +00:00,2025-11-11 21:45:16.418389 +00:00
64,coindesk,https://bitcoinist.com/coinbase-pulls-plug-2-billion-agreement-with-bvnk/,Coinbase Pulls Plug On $2 Billion Agreement With BVNK,2025-11-11 21:33:46.000000 +00:00,2025-11-11 21:45:16.420818 +00:00,"A Coinbase spokesperson confirmed to Fortune that the cryptocurrency exchange has officially terminated its acquisition discussions with UK-based stablecoin startup BVNK. Coinbase had initially secured exclusive negotiation rights with BVNK after navigating a competitive bidding process. Coinbase Abandons BVNK Acquisition A Coinbase representative stated , “We’re continuously seeking opportunities to expand on our mission and product offerings. After discussing a potential acquisition of BVNK, both parties mutually agreed to not move forward.” The acquisition, which was valued at around $2 billion, would have positioned the crypto firm as a significant player in the stablecoin infrastructure landscape, which has been continuously rising throughout the year under President Trump’s administration with the passage of the GENIUS Act. Coinbase has been actively pursuing high-profile acquisitions to strengthen its core operations. Earlier this year, it completed a $2.9 billion purchase of the crypto derivatives exchange Deribit. Brian Armstrong, the exchange’s CEO, emphasized this during the firm’s third-quarter earnings call, noting that all recent mergers and acquisitions support the company’s commitment to its core business. Had the deal with BVNK been finalized, it would have marked a substantial investment in stablecoin infrastructure, nearly doubling the $1.1 billion paid by fintech giant Stripe for another stablecoin startup, Bridge, in February. New Platform For Retail Token Purchases Coinbase has been actively working to diversify its revenue beyond traditional trading fees, with stablecoins accounting for approximately 20% of its revenue in the third quarter. In its latest earnings report, Coinbase exceeded analysts’ expectations with transaction revenue reaching $1.05 billion—up significantly from $572.5 million during the same period last year. Additionally, the company announced on Monday the launch of a new platform that allows retail investors to purchase digital tokens before they are officially listed on the exchange. Featured image from Shutterstock, chart from TradingView.com",{},2025-11-11 21:45:16.420818 +00:00,2025-11-11 21:45:16.420818 +00:00
