symbol,interval,ts,open,high,low,close,volume,created_at,updated_at
BTC,1h,2025-11-14 23:00:00.000000 +00:00,95096.0000000000,95096.0000000000,93951.3200000000,94503.9600000000,588.7971684600,2025-11-26 22:17:57.332702 +00:00,2025-11-26 22:17:57.332702 +00:00
BTC,1h,2025-11-15 00:00:00.000000 +00:00,94501.0800000000,95334.0000000000,94222.2000000000,95070.0000000000,569.5993490000,2025-11-26 22:17:57.332702 +00:00,2025-11-26 22:17:57.332702 +00:00
BTC,1h,2025-11-15 01:00:00.000000 +00:00,95069.5800000000,95705.9900000000,94660.3600000000,95600.0000000000,290.9286410000,2025-11-26 22:17:57.332702 +00:00,2025-11-26 22:17:57.332702 +00:00
BTC,1h,2025-11-15 02:00:00.000000 +00:00,95574.4600000000,96433.1900000000,95310.4700000000,96386.0300000000,314.3288278000,2025-11-26 22:17:57.332702 +00:00,2025-11-26 22:17:57.332702 +00:00
BTC,1h,2025-11-15 03:00:00.000000 +00:00,96385.6100000000,96747.0200000000,96059.0600000000,96347.9300000000,293.4768263600,2025-11-26 22:17:57.332702 +00:00,2025-11-26 22:17:57.332702 +00:00
BTC,1h,2025-11-15 04:00:00.000000 +00:00,96349.5300000000,96456.2600000000,95860.9600000000,96048.0100000000,194.2116618900,2025-11-26 22:17:57.332702 +00:00,2025-11-26 22:17:57.332702 +00:00
BTC,1h,2025-11-15 05:00:00.000000 +00:00,96048.0000000000,96376.5800000000,95911.1200000000,96287.2400000000,169.8561356600,2025-11-26 22:17:57.332702 +00:00,2025-11-26 22:17:57.332702 +00:00
BTC,1h,2025-11-15 06:00:00.000000 +00:00,96287.2500000000,96525.3600000000,95904.0000000000,96051.9900000000,151.4303540100,2025-11-26 22:17:57.332702 +00:00,2025-11-26 22:17:57.332702 +00:00
BTC,1h,2025-11-15 07:00:00.000000 +00:00,96051.9900000000,96312.9500000000,95895.7600000000,96267.5500000000,134.1406164300,2025-11-26 22:17:57.332702 +00:00,2025-11-26 22:17:57.332702 +00:00
BTC,1h,2025-11-15 08:00:00.000000 +00:00,96267.5400000000,96290.8800000000,95530.0000000000,95831.2500000000,213.5413810000,2025-11-26 22:17:57.332702 +00:00,2025-11-26 22:17:57.332702 +00:00
BTC,1h,2025-11-15 09:00:00.000000 +00:00,95830.5100000000,96069.7400000000,95595.6100000000,95743.5000000000,86.3586006300,2025-11-26 22:17:57.332702 +00:00,2025-11-26 22:17:57.332702 +00:00
BTC,1h,2025-11-15 10:00:00.000000 +00:00,95734.8200000000,95998.5300000000,95612.5000000000,95879.2300000000,126.4524132500,2025-11-26 22:17:57.332702 +00:00,2025-11-26 22:17:57.332702 +00:00
BTC,1h,2025-11-15 11:00:00.000000 +00:00,95879.2300000000,95912.8300000000,95500.0000000000,95626.3900000000,189.3918318100,2025-11-26 22:17:57.332702 +00:00,2025-11-26 22:17:57.332702 +00:00
BTC,1h,2025-11-15 12:00:00.000000 +00:00,95627.9900000000,95811.4100000000,95503.7400000000,95751.3300000000,152.7169865200,2025-11-26 22:17:57.332702 +00:00,2025-11-26 22:17:57.332702 +00:00
BTC,1h,2025-11-15 13:00:00.000000 +00:00,95751.3300000000,96313.3500000000,95653.0500000000,96313.3500000000,240.8614089500,2025-11-26 22:17:57.332702 +00:00,2025-11-26 22:17:57.332702 +00:00
BTC,1h,2025-11-15 14:00:00.000000 +00:00,96316.9900000000,96434.2500000000,95946.5300000000,96190.5600000000,361.7225642100,2025-11-26 22:17:57.332702 +00:00,2025-11-26 22:17:57.332702 +00:00
BTC,1h,2025-11-15 15:00:00.000000 +00:00,96190.5600000000,96370.0000000000,96048.8200000000,96200.0000000000,156.2223920700,2025-11-26 22:17:57.332702 +00:00,2025-11-26 22:17:57.332702 +00:00
BTC,1h,2025-11-15 16:00:00.000000 +00:00,96200.0000000000,96281.9900000000,95659.5300000000,96091.1000000000,230.6882927600,2025-11-26 22:17:57.332702 +00:00,2025-11-26 22:17:57.332702 +00:00
BTC,1h,2025-11-15 17:00:00.000000 +00:00,96090.0200000000,96325.9900000000,95773.9500000000,96166.7600000000,238.1854134000,2025-11-26 22:17:57.332702 +00:00,2025-11-26 22:17:57.332702 +00:00
BTC,1h,2025-11-15 18:00:00.000000 +00:00,96185.2000000000,96282.0000000000,95891.4100000000,95990.8500000000,160.6028435200,2025-11-26 22:17:57.332702 +00:00,2025-11-26 22:17:57.332702 +00:00
BTC,1h,2025-11-15 19:00:00.000000 +00:00,95990.0100000000,96090.9600000000,95856.6000000000,95946.0300000000,99.8645808200,2025-11-26 22:17:57.332702 +00:00,2025-11-26 22:17:57.332702 +00:00
BTC,1h,2025-11-15 20:00:00.000000 +00:00,95946.0400000000,95960.5600000000,95058.7300000000,95211.3500000000,275.0160568200,2025-11-26 22:17:57.332702 +00:00,2025-11-26 22:17:57.332702 +00:00
BTC,1h,2025-11-15 21:00:00.000000 +00:00,95211.3600000000,95615.7100000000,95058.7300000000,95225.0900000000,237.7675525300,2025-11-26 22:17:57.332702 +00:00,2025-11-26 22:17:57.332702 +00:00
BTC,1h,2025-11-15 22:00:00.000000 +00:00,95225.2000000000,95598.0200000000,95164.9600000000,95556.6900000000,151.0569092900,2025-11-26 22:17:57.332702 +00:00,2025-11-26 22:17:57.332702 +00:00
BTC,1h,2025-11-15 23:00:00.000000 +00:00,95560.3600000000,95623.0600000000,95413.8600000000,95544.9400000000,118.5986758100,2025-11-26 22:17:57.332702 +00:00,2025-11-26 22:17:57.332702 +00:00
BTC,1h,2025-11-16 00:00:00.000000 +00:00,95544.9400000000,95650.0000000000,95144.3800000000,95303.3600000000,134.9531069300,2025-11-26 22:17:57.332702 +00:00,2025-11-26 22:17:57.332702 +00:00
BTC,1h,2025-11-16 01:00:00.000000 +00:00,95304.0000000000,95452.5100000000,94770.0000000000,95207.0800000000,316.4084885800,2025-11-26 22:17:57.332702 +00:00,2025-11-26 22:17:57.332702 +00:00
BTC,1h,2025-11-16 02:00:00.000000 +00:00,95207.0800000000,95909.5600000000,95038.0000000000,95904.8700000000,244.2029915400,2025-11-26 22:17:57.332702 +00:00,2025-11-26 22:17:57.332702 +00:00
BTC,1h,2025-11-16 03:00:00.000000 +00:00,95905.4000000000,95916.0000000000,95529.7500000000,95749.7200000000,114.5031503700,2025-11-26 22:17:57.332702 +00:00,2025-11-26 22:17:57.332702 +00:00
BTC,1h,2025-11-16 04:00:00.000000 +00:00,95749.7300000000,95858.8000000000,95554.9400000000,95755.4600000000,120.3590474600,2025-11-26 22:17:57.332702 +00:00,2025-11-26 22:17:57.332702 +00:00
BTC,1h,2025-11-16 05:00:00.000000 +00:00,95755.4600000000,96124.1100000000,95743.8300000000,95812.0300000000,126.9773445200,2025-11-26 22:17:57.332702 +00:00,2025-11-26 22:17:57.332702 +00:00
BTC,1h,2025-11-16 06:00:00.000000 +00:00,95812.0300000000,95974.0500000000,95686.0500000000,95733.5500000000,62.1232669300,2025-11-26 22:17:57.332702 +00:00,2025-11-26 22:17:57.332702 +00:00
BTC,1h,2025-11-16 07:00:00.000000 +00:00,95733.2500000000,96030.0000000000,95665.2100000000,96018.1000000000,129.9545099900,2025-11-26 22:17:57.332702 +00:00,2025-11-26 22:17:57.332702 +00:00
BTC,1h,2025-11-16 08:00:00.000000 +00:00,96018.0900000000,96141.9900000000,95780.0800000000,96039.9900000000,76.3128123300,2025-11-26 22:17:57.332702 +00:00,2025-11-26 22:17:57.332702 +00:00
BTC,1h,2025-11-16 09:00:00.000000 +00:00,96040.0000000000,96559.6100000000,95856.0200000000,96558.0000000000,126.1338931900,2025-11-26 22:17:57.332702 +00:00,2025-11-26 22:17:57.332702 +00:00
BTC,1h,2025-11-16 10:00:00.000000 +00:00,96551.1500000000,96551.1500000000,96296.5700000000,96366.6300000000,98.9954554000,2025-11-26 22:17:57.332702 +00:00,2025-11-26 22:17:57.332702 +00:00
BTC,1h,2025-11-16 11:00:00.000000 +00:00,96366.6300000000,96378.6000000000,95439.8100000000,95569.4900000000,187.5167028300,2025-11-26 22:17:57.332702 +00:00,2025-11-26 22:17:57.332702 +00:00
BTC,1h,2025-11-16 12:00:00.000000 +00:00,95569.5000000000,95839.1900000000,95380.0100000000,95681.1400000000,186.0180780900,2025-11-26 22:17:57.332702 +00:00,2025-11-26 22:17:57.332702 +00:00
BTC,1h,2025-11-16 13:00:00.000000 +00:00,95671.7100000000,95786.9800000000,95050.0000000000,95368.9300000000,169.3219388100,2025-11-26 22:17:57.332702 +00:00,2025-11-26 22:17:57.332702 +00:00
BTC,1h,2025-11-16 14:00:00.000000 +00:00,95362.1300000000,95610.0000000000,95247.6100000000,95468.7700000000,135.1550144800,2025-11-26 22:17:57.332702 +00:00,2025-11-26 22:17:57.332702 +00:00
BTC,1h,2025-11-16 15:00:00.000000 +00:00,95468.7700000000,95499.9700000000,94301.4900000000,94513.7100000000,281.1217284800,2025-11-26 22:17:57.332702 +00:00,2025-11-26 22:17:57.332702 +00:00
BTC,1h,2025-11-16 16:00:00.000000 +00:00,94516.7900000000,94885.0800000000,93994.4200000000,94151.9900000000,642.0562156700,2025-11-26 22:17:57.332702 +00:00,2025-11-26 22:17:57.332702 +00:00
BTC,1h,2025-11-16 17:00:00.000000 +00:00,94151.4100000000,94461.9900000000,93687.0100000000,94299.9900000000,1076.8254630800,2025-11-26 22:17:57.332702 +00:00,2025-11-26 22:17:57.332702 +00:00
BTC,1h,2025-11-16 18:00:00.000000 +00:00,94298.0100000000,95504.5800000000,93733.8100000000,93988.0100000000,681.4900593500,2025-11-26 22:17:57.332702 +00:00,2025-11-26 22:17:57.332702 +00:00
BTC,1h,2025-11-16 19:00:00.000000 +00:00,93988.0000000000,94540.0000000000,93890.4100000000,93976.0000000000,302.4121847300,2025-11-26 22:17:57.332702 +00:00,2025-11-26 22:17:57.332702 +00:00
BTC,1h,2025-11-16 20:00:00.000000 +00:00,93975.9800000000,94682.0700000000,93906.0000000000,94036.4200000000,220.6004409200,2025-11-26 22:17:57.332702 +00:00,2025-11-26 22:17:57.332702 +00:00
BTC,1h,2025-11-16 21:00:00.000000 +00:00,94035.9600000000,94147.0400000000,93318.4900000000,93435.9900000000,559.9971664900,2025-11-26 22:17:57.332702 +00:00,2025-11-26 22:17:57.332702 +00:00
BTC,1h,2025-11-16 22:00:00.000000 +00:00,93435.9900000000,94432.0000000000,92943.8300000000,94108.6700000000,749.0592684200,2025-11-26 22:17:57.332702 +00:00,2025-11-26 22:17:57.332702 +00:00
BTC,1h,2025-11-16 23:00:00.000000 +00:00,94108.6700000000,94470.8300000000,92955.0200000000,94183.9700000000,418.6391734800,2025-11-26 22:17:57.332702 +00:00,2025-11-26 22:17:57.332702 +00:00
BTC,1h,2025-11-17 00:00:00.000000 +00:00,94182.0300000000,95322.0000000000,93663.3200000000,95243.4700000000,569.4627666200,2025-11-26 22:17:57.332702 +00:00,2025-11-26 22:17:57.332702 +00:00
BTC,1h,2025-11-17 01:00:00.000000 +00:00,95243.4700000000,95455.1000000000,94660.3500000000,94704.7500000000,463.1771466700,2025-11-26 22:17:57.332702 +00:00,2025-11-26 22:17:57.332702 +00:00
BTC,1h,2025-11-17 02:00:00.000000 +00:00,94704.7500000000,95346.2500000000,94642.9600000000,94904.6200000000,328.3063403300,2025-11-26 22:17:57.332702 +00:00,2025-11-26 22:17:57.332702 +00:00
BTC,1h,2025-11-17 03:00:00.000000 +00:00,94904.6100000000,95486.0000000000,94895.2600000000,95434.0200000000,264.3235559900,2025-11-26 22:17:57.332702 +00:00,2025-11-26 22:17:57.332702 +00:00
BTC,1h,2025-11-17 04:00:00.000000 +00:00,95434.0200000000,95516.3600000000,94808.0300000000,95040.9000000000,243.2232051000,2025-11-26 22:17:57.332702 +00:00,2025-11-26 22:17:57.332702 +00:00
BTC,1h,2025-11-17 05:00:00.000000 +00:00,95040.8900000000,95201.6000000000,94837.7800000000,95057.9900000000,173.7544232600,2025-11-26 22:17:57.332702 +00:00,2025-11-26 22:17:57.332702 +00:00
BTC,1h,2025-11-17 06:00:00.000000 +00:00,95058.0000000000,95263.5500000000,94822.4600000000,95204.0100000000,139.4414593700,2025-11-26 22:17:57.332702 +00:00,2025-11-26 22:17:57.332702 +00:00
BTC,1h,2025-11-17 07:00:00.000000 +00:00,95204.1200000000,95800.0400000000,95119.7300000000,95569.5100000000,205.0137769400,2025-11-26 22:17:57.332702 +00:00,2025-11-26 22:17:57.332702 +00:00
BTC,1h,2025-11-17 08:00:00.000000 +00:00,95569.5100000000,95945.4700000000,95453.3400000000,95550.0000000000,264.3189733100,2025-11-26 22:17:57.332702 +00:00,2025-11-26 22:17:57.332702 +00:00
BTC,1h,2025-11-17 09:00:00.000000 +00:00,95550.0000000000,95790.5900000000,95234.7900000000,95576.4800000000,180.2357417500,2025-11-26 22:17:57.332702 +00:00,2025-11-26 22:17:57.332702 +00:00
BTC,1h,2025-11-17 10:00:00.000000 +00:00,95576.5600000000,95812.5000000000,95455.0000000000,95577.2200000000,222.5483574000,2025-11-26 22:17:57.332702 +00:00,2025-11-26 22:17:57.332702 +00:00
BTC,1h,2025-11-17 11:00:00.000000 +00:00,95577.2400000000,95856.2900000000,95276.6000000000,95490.4500000000,339.5155357300,2025-11-26 22:17:57.332702 +00:00,2025-11-26 22:17:57.332702 +00:00
BTC,1h,2025-11-17 12:00:00.000000 +00:00,95490.4400000000,95500.0900000000,95187.7000000000,95244.2900000000,243.0533848400,2025-11-26 22:17:57.332702 +00:00,2025-11-26 22:17:57.332702 +00:00
BTC,1h,2025-11-17 13:00:00.000000 +00:00,95244.2800000000,95306.4700000000,93472.0900000000,93869.3400000000,604.7701536100,2025-11-26 22:17:57.332702 +00:00,2025-11-26 22:17:57.332702 +00:00
BTC,1h,2025-11-17 14:00:00.000000 +00:00,93866.0100000000,95950.0000000000,93675.0600000000,94679.3600000000,932.2925950400,2025-11-26 22:17:57.332702 +00:00,2025-11-26 22:17:57.332702 +00:00
BTC,1h,2025-11-17 15:00:00.000000 +00:00,94680.0000000000,94930.4400000000,93699.8400000000,93866.9100000000,873.4937243600,2025-11-26 22:17:57.332702 +00:00,2025-11-26 22:17:57.332702 +00:00
BTC,1h,2025-11-17 16:00:00.000000 +00:00,93872.0100000000,94330.7800000000,92948.4700000000,94217.5000000000,891.3920922900,2025-11-26 22:17:57.332702 +00:00,2025-11-26 22:17:57.332702 +00:00
BTC,1h,2025-11-17 17:00:00.000000 +00:00,94217.5000000000,94317.7900000000,92567.8900000000,92672.1900000000,745.0604798100,2025-11-26 22:17:57.332702 +00:00,2025-11-26 22:17:57.332702 +00:00
BTC,1h,2025-11-17 18:00:00.000000 +00:00,92672.2000000000,93126.3100000000,92296.0100000000,92435.5300000000,1039.1142616700,2025-11-26 22:17:57.332702 +00:00,2025-11-26 22:17:57.332702 +00:00
BTC,1h,2025-11-17 19:00:00.000000 +00:00,92435.5300000000,92558.1600000000,91397.0900000000,91554.7700000000,1483.7975955000,2025-11-26 22:17:57.332702 +00:00,2025-11-26 22:17:57.332702 +00:00
BTC,1h,2025-11-17 20:00:00.000000 +00:00,91554.8000000000,92114.0000000000,91158.3500000000,91787.2800000000,1528.0884233300,2025-11-26 22:17:57.332702 +00:00,2025-11-26 22:17:57.332702 +00:00
BTC,1h,2025-11-17 21:00:00.000000 +00:00,91804.6000000000,92143.0400000000,91377.8100000000,91836.4600000000,657.2522279100,2025-11-26 22:17:57.332702 +00:00,2025-11-26 22:17:57.332702 +00:00
BTC,1h,2025-11-17 22:00:00.000000 +00:00,91836.4700000000,92294.9800000000,91686.1400000000,92139.9900000000,485.4612034700,2025-11-26 22:17:57.332702 +00:00,2025-11-26 22:17:57.332702 +00:00
BTC,1h,2025-11-17 23:00:00.000000 +00:00,92140.0000000000,92173.4800000000,91674.0000000000,92100.6000000000,442.8589137000,2025-11-26 22:17:57.332702 +00:00,2025-11-26 22:17:57.332702 +00:00
BTC,1h,2025-11-18 00:00:00.000000 +00:00,92100.6000000000,92247.9400000000,91087.7900000000,92055.9900000000,640.8868623800,2025-11-26 22:17:57.332702 +00:00,2025-11-26 22:17:57.332702 +00:00
BTC,1h,2025-11-18 01:00:00.000000 +00:00,92061.9600000000,92100.0000000000,91502.3700000000,91594.5600000000,451.3507800100,2025-11-26 22:17:57.332702 +00:00,2025-11-26 22:17:57.332702 +00:00
BTC,1h,2025-11-18 02:00:00.000000 +00:00,91592.6700000000,91637.9900000000,90545.0100000000,90750.0400000000,974.5212567200,2025-11-26 22:17:57.332702 +00:00,2025-11-26 22:17:57.332702 +00:00
BTC,1h,2025-11-18 03:00:00.000000 +00:00,90750.0400000000,90817.9900000000,89575.0100000000,90735.9200000000,1641.4859062200,2025-11-26 22:17:57.332702 +00:00,2025-11-26 22:17:57.332702 +00:00
BTC,1h,2025-11-18 04:00:00.000000 +00:00,90732.0000000000,90756.0000000000,89183.4800000000,89972.0000000000,959.6770532800,2025-11-26 22:17:57.332702 +00:00,2025-11-26 22:17:57.332702 +00:00
BTC,1h,2025-11-18 05:00:00.000000 +00:00,89978.3400000000,90376.9000000000,89598.0600000000,90106.8900000000,593.7391635900,2025-11-26 22:17:57.332702 +00:00,2025-11-26 22:17:57.332702 +00:00
BTC,1h,2025-11-18 06:00:00.000000 +00:00,90109.7400000000,90118.5000000000,89247.8700000000,89537.8000000000,524.5691015200,2025-11-26 22:17:57.332702 +00:00,2025-11-26 22:17:57.332702 +00:00
BTC,1h,2025-11-18 07:00:00.000000 +00:00,89537.8000000000,90439.9300000000,89241.0500000000,90391.9800000000,523.9015049500,2025-11-26 22:17:57.332702 +00:00,2025-11-26 22:17:57.332702 +00:00
BTC,1h,2025-11-18 08:00:00.000000 +00:00,90391.9800000000,91342.5000000000,90391.9700000000,91121.6000000000,630.2640815200,2025-11-26 22:17:57.332702 +00:00,2025-11-26 22:17:57.332702 +00:00
BTC,1h,2025-11-18 09:00:00.000000 +00:00,91119.4100000000,91395.5100000000,90784.9700000000,91296.5500000000,346.5645742000,2025-11-26 22:17:57.332702 +00:00,2025-11-26 22:17:57.332702 +00:00
BTC,1h,2025-11-18 10:00:00.000000 +00:00,91291.9600000000,91507.6100000000,91141.5600000000,91472.8600000000,233.6501825300,2025-11-26 22:17:57.332702 +00:00,2025-11-26 22:17:57.332702 +00:00
BTC,1h,2025-11-18 11:00:00.000000 +00:00,91472.8600000000,91509.7300000000,91133.3900000000,91413.9900000000,233.2761347000,2025-11-26 22:17:57.332702 +00:00,2025-11-26 22:17:57.332702 +00:00
BTC,1h,2025-11-18 12:00:00.000000 +00:00,91415.5900000000,91774.8300000000,90994.1300000000,91416.0100000000,446.5755417900,2025-11-26 22:17:57.332702 +00:00,2025-11-26 22:17:57.332702 +00:00
BTC,1h,2025-11-18 13:00:00.000000 +00:00,91411.5100000000,91561.2900000000,90805.0100000000,91385.1400000000,400.9174179900,2025-11-26 22:17:57.332702 +00:00,2025-11-26 22:17:57.332702 +00:00
BTC,1h,2025-11-18 14:00:00.000000 +00:00,91375.2700000000,92359.9300000000,91108.0000000000,91255.0100000000,982.2816327500,2025-11-26 22:17:57.332702 +00:00,2025-11-26 22:17:57.332702 +00:00
BTC,1h,2025-11-18 15:00:00.000000 +00:00,91251.9900000000,92950.0000000000,90914.5600000000,92827.9600000000,1541.4110092500,2025-11-26 22:17:57.332702 +00:00,2025-11-26 22:17:57.332702 +00:00
BTC,1h,2025-11-18 16:00:00.000000 +00:00,92827.9500000000,93775.0000000000,92499.4500000000,93444.0100000000,1234.8971497700,2025-11-26 22:17:57.332702 +00:00,2025-11-26 22:17:57.332702 +00:00
BTC,1h,2025-11-18 17:00:00.000000 +00:00,93442.0100000000,93600.0000000000,92765.2900000000,93202.9300000000,839.8294800600,2025-11-26 22:17:57.332702 +00:00,2025-11-26 22:17:57.332702 +00:00
BTC,1h,2025-11-18 18:00:00.000000 +00:00,93202.9300000000,93700.0000000000,93095.1800000000,93274.8300000000,570.1442130200,2025-11-26 22:17:57.332702 +00:00,2025-11-26 22:17:57.332702 +00:00
BTC,1h,2025-11-18 19:00:00.000000 +00:00,93274.8400000000,93561.9900000000,92912.3500000000,93123.9900000000,724.9933302700,2025-11-26 22:17:57.332702 +00:00,2025-11-26 22:17:57.332702 +00:00
BTC,1h,2025-11-18 20:00:00.000000 +00:00,93123.9900000000,93254.1100000000,92606.0000000000,92748.9700000000,699.4113274600,2025-11-26 22:17:57.332702 +00:00,2025-11-26 22:17:57.332702 +00:00
BTC,1h,2025-11-18 21:00:00.000000 +00:00,92744.0100000000,92995.4400000000,92396.0100000000,92442.1800000000,373.3630245600,2025-11-26 22:17:57.332702 +00:00,2025-11-26 22:17:57.332702 +00:00
BTC,1h,2025-11-18 22:00:00.000000 +00:00,92442.1800000000,93372.2500000000,92438.1000000000,93112.9500000000,345.1979236800,2025-11-26 22:17:57.332702 +00:00,2025-11-26 22:17:57.332702 +00:00
BTC,1h,2025-11-18 23:00:00.000000 +00:00,93112.9500000000,93126.6100000000,92671.1300000000,92914.4600000000,269.5585763800,2025-11-26 22:17:57.332702 +00:00,2025-11-26 22:17:57.332702 +00:00
BTC,1h,2025-11-19 00:00:00.000000 +00:00,92914.4500000000,92948.0000000000,91914.7900000000,92354.5800000000,507.0827279800,2025-11-26 22:17:57.332702 +00:00,2025-11-26 22:17:57.332702 +00:00
BTC,1h,2025-11-19 01:00:00.000000 +00:00,92354.5800000000,92590.9500000000,91852.8300000000,92379.4100000000,531.7772402400,2025-11-26 22:17:57.332702 +00:00,2025-11-26 22:17:57.332702 +00:00
BTC,1h,2025-11-19 02:00:00.000000 +00:00,92379.4100000000,92810.2700000000,92210.0400000000,92497.5400000000,373.1127248800,2025-11-26 22:17:57.332702 +00:00,2025-11-26 22:17:57.332702 +00:00
BTC,1h,2025-11-19 03:00:00.000000 +00:00,92497.5400000000,92568.9600000000,91588.7900000000,91805.5300000000,478.4089108500,2025-11-26 22:17:57.332702 +00:00,2025-11-26 22:17:57.332702 +00:00
BTC,1h,2025-11-19 04:00:00.000000 +00:00,91802.6200000000,91916.7000000000,91083.1700000000,91083.1700000000,522.9415249700,2025-11-26 22:17:57.332702 +00:00,2025-11-26 22:17:57.332702 +00:00
BTC,1h,2025-11-19 05:00:00.000000 +00:00,91085.1000000000,91192.0000000000,89955.5500000000,90384.8700000000,687.8341902000,2025-11-26 22:17:57.332702 +00:00,2025-11-26 22:17:57.332702 +00:00
BTC,1h,2025-11-19 06:00:00.000000 +00:00,90388.9900000000,91039.2400000000,90209.0400000000,90914.0100000000,479.0681409600,2025-11-26 22:17:57.332702 +00:00,2025-11-26 22:17:57.332702 +00:00
BTC,1h,2025-11-19 07:00:00.000000 +00:00,90914.0100000000,91955.4700000000,90879.8100000000,91807.6400000000,438.9907035700,2025-11-26 22:17:57.332702 +00:00,2025-11-26 22:17:57.332702 +00:00
BTC,1h,2025-11-19 08:00:00.000000 +00:00,91804.1400000000,91900.2300000000,91251.7600000000,91416.0000000000,337.9427102500,2025-11-26 22:17:57.332702 +00:00,2025-11-26 22:17:57.332702 +00:00
BTC,1h,2025-11-19 09:00:00.000000 +00:00,91415.3500000000,91470.4600000000,91016.9400000000,91470.4600000000,369.5972828600,2025-11-26 22:17:57.332702 +00:00,2025-11-26 22:17:57.332702 +00:00
BTC,1h,2025-11-19 10:00:00.000000 +00:00,91465.4100000000,91645.3300000000,91160.8300000000,91234.0000000000,215.8111414500,2025-11-26 22:17:57.332702 +00:00,2025-11-26 22:17:57.332702 +00:00
BTC,1h,2025-11-19 11:00:00.000000 +00:00,91234.0000000000,91708.8700000000,91233.9900000000,91342.7900000000,189.5841779300,2025-11-26 22:17:57.332702 +00:00,2025-11-26 22:17:57.332702 +00:00
BTC,1h,2025-11-19 12:00:00.000000 +00:00,91339.3600000000,91804.0000000000,91134.6600000000,91712.0000000000,310.7143036800,2025-11-26 22:17:57.332702 +00:00,2025-11-26 22:17:57.332702 +00:00
BTC,1h,2025-11-19 13:00:00.000000 +00:00,91712.5500000000,91838.3200000000,91175.0900000000,91337.3100000000,483.4345876700,2025-11-26 22:17:57.332702 +00:00,2025-11-26 22:17:57.332702 +00:00
BTC,1h,2025-11-19 14:00:00.000000 +00:00,91339.4600000000,91814.6300000000,90982.0300000000,91666.0200000000,949.0258678100,2025-11-26 22:17:57.332702 +00:00,2025-11-26 22:17:57.332702 +00:00
BTC,1h,2025-11-19 15:00:00.000000 +00:00,91666.0200000000,92358.2700000000,89793.0000000000,89876.9100000000,1393.6104219500,2025-11-26 22:17:57.332702 +00:00,2025-11-26 22:17:57.332702 +00:00
BTC,1h,2025-11-19 16:00:00.000000 +00:00,89870.6200000000,90165.0200000000,89377.6800000000,89833.0300000000,1189.5424590900,2025-11-26 22:17:57.332702 +00:00,2025-11-26 22:17:57.332702 +00:00
BTC,1h,2025-11-19 17:00:00.000000 +00:00,89828.0900000000,90067.0000000000,88800.0000000000,89422.1000000000,1309.2403847300,2025-11-26 22:17:57.332702 +00:00,2025-11-26 22:17:57.332702 +00:00
BTC,1h,2025-11-19 18:00:00.000000 +00:00,89422.1000000000,89636.5800000000,88650.2800000000,89140.0000000000,1054.7327250500,2025-11-26 22:17:57.332702 +00:00,2025-11-26 22:17:57.332702 +00:00
BTC,1h,2025-11-19 19:00:00.000000 +00:00,89136.4300000000,89275.8600000000,88520.0000000000,88783.0800000000,786.7921129000,2025-11-26 22:17:57.332702 +00:00,2025-11-26 22:17:57.332702 +00:00
BTC,1h,2025-11-19 20:00:00.000000 +00:00,88783.0700000000,89587.2500000000,88483.1200000000,89413.6100000000,801.7568406100,2025-11-26 22:17:57.332702 +00:00,2025-11-26 22:17:57.332702 +00:00
BTC,1h,2025-11-19 21:00:00.000000 +00:00,89417.6500000000,90750.1700000000,89341.9100000000,90503.8900000000,1077.1897739200,2025-11-26 22:17:57.332702 +00:00,2025-11-26 22:17:57.332702 +00:00
BTC,1h,2025-11-19 22:00:00.000000 +00:00,90503.8800000000,90550.0500000000,90000.0000000000,90384.8300000000,444.5008179700,2025-11-26 22:17:57.332702 +00:00,2025-11-26 22:17:57.332702 +00:00
BTC,1h,2025-11-19 23:00:00.000000 +00:00,90384.8300000000,91516.2900000000,90362.7900000000,91461.6000000000,709.5414317600,2025-11-26 22:17:57.332702 +00:00,2025-11-26 22:17:57.332702 +00:00
BTC,1h,2025-11-20 00:00:00.000000 +00:00,91465.0400000000,92222.5200000000,91098.0100000000,91802.0000000000,464.3832401000,2025-11-26 22:17:57.332702 +00:00,2025-11-26 22:17:57.332702 +00:00
BTC,1h,2025-11-20 01:00:00.000000 +00:00,91802.0100000000,92624.9900000000,91734.8900000000,92522.6600000000,525.3385416500,2025-11-26 22:17:57.332702 +00:00,2025-11-26 22:17:57.332702 +00:00
BTC,1h,2025-11-20 02:00:00.000000 +00:00,92513.5300000000,92728.8500000000,92225.3500000000,92503.1700000000,442.3864593200,2025-11-26 22:17:57.332702 +00:00,2025-11-26 22:17:57.332702 +00:00
BTC,1h,2025-11-20 03:00:00.000000 +00:00,92503.1800000000,92642.4600000000,92272.2000000000,92358.0000000000,363.7180748000,2025-11-26 22:17:57.332702 +00:00,2025-11-26 22:17:57.332702 +00:00
BTC,1h,2025-11-20 04:00:00.000000 +00:00,92355.9800000000,92893.6000000000,92048.0000000000,92878.9400000000,448.2474030500,2025-11-26 22:17:57.332702 +00:00,2025-11-26 22:17:57.332702 +00:00
BTC,1h,2025-11-20 05:00:00.000000 +00:00,92878.9400000000,93080.9100000000,92480.3300000000,92535.2800000000,329.7366654100,2025-11-26 22:17:57.332702 +00:00,2025-11-26 22:17:57.332702 +00:00
BTC,1h,2025-11-20 06:00:00.000000 +00:00,92535.2800000000,92775.3600000000,91601.9000000000,91892.0500000000,273.3412020700,2025-11-26 22:17:57.332702 +00:00,2025-11-26 22:17:57.332702 +00:00
BTC,1h,2025-11-20 07:00:00.000000 +00:00,91892.0500000000,92346.9800000000,91714.7400000000,92224.4600000000,284.4372878600,2025-11-26 22:17:57.332702 +00:00,2025-11-26 22:17:57.332702 +00:00
BTC,1h,2025-11-20 08:00:00.000000 +00:00,92224.4600000000,92315.5300000000,91949.9800000000,92040.0000000000,172.8042722000,2025-11-26 22:17:57.332702 +00:00,2025-11-26 22:17:57.332702 +00:00
BTC,1h,2025-11-20 09:00:00.000000 +00:00,92040.0000000000,92053.4300000000,91356.8800000000,91810.0000000000,294.1909107200,2025-11-26 22:17:57.332702 +00:00,2025-11-26 22:17:57.332702 +00:00
BTC,1h,2025-11-20 10:00:00.000000 +00:00,91810.0000000000,91964.0000000000,91506.0000000000,91710.0100000000,197.1304885400,2025-11-26 22:17:57.332702 +00:00,2025-11-26 22:17:57.332702 +00:00
BTC,1h,2025-11-20 11:00:00.000000 +00:00,91710.0100000000,91939.9000000000,91381.9600000000,91834.6900000000,231.4936796600,2025-11-26 22:17:57.332702 +00:00,2025-11-26 22:17:57.332702 +00:00
BTC,1h,2025-11-20 12:00:00.000000 +00:00,91834.6900000000,91907.1000000000,91574.4600000000,91747.6200000000,198.6692800900,2025-11-26 22:17:57.332702 +00:00,2025-11-26 22:17:57.332702 +00:00
BTC,1h,2025-11-20 13:00:00.000000 +00:00,91738.3800000000,92462.8500000000,91392.0000000000,91436.9400000000,547.8223643900,2025-11-26 22:17:57.332702 +00:00,2025-11-26 22:17:57.332702 +00:00
BTC,1h,2025-11-20 14:00:00.000000 +00:00,91436.9400000000,91583.0000000000,90372.0000000000,91002.4500000000,1082.7882208900,2025-11-26 22:17:57.332702 +00:00,2025-11-26 22:17:57.332702 +00:00
BTC,1h,2025-11-20 15:00:00.000000 +00:00,91006.4400000000,91078.0000000000,89701.0000000000,89746.5700000000,1102.1428777000,2025-11-26 22:17:57.332702 +00:00,2025-11-26 22:17:57.332702 +00:00
BTC,1h,2025-11-20 16:00:00.000000 +00:00,89746.7300000000,89804.0000000000,87386.7900000000,87776.0000000000,2584.1734773300,2025-11-26 22:17:57.332702 +00:00,2025-11-26 22:17:57.332702 +00:00
BTC,1h,2025-11-20 17:00:00.000000 +00:00,87772.5000000000,88060.7700000000,86300.0000000000,87136.5700000000,2543.7851243000,2025-11-26 22:17:57.332702 +00:00,2025-11-26 22:17:57.332702 +00:00
BTC,1h,2025-11-20 18:00:00.000000 +00:00,87136.5600000000,87674.4300000000,86218.0000000000,86376.7000000000,1280.5759910100,2025-11-26 22:17:57.332702 +00:00,2025-11-26 22:17:57.332702 +00:00
BTC,1h,2025-11-20 19:00:00.000000 +00:00,86376.6900000000,87044.0000000000,85980.7000000000,86796.0500000000,1351.7026953600,2025-11-26 22:17:57.332702 +00:00,2025-11-26 22:17:57.332702 +00:00
BTC,1h,2025-11-20 20:00:00.000000 +00:00,86796.0300000000,86997.4200000000,86195.9500000000,86333.8300000000,1211.9800385100,2025-11-26 22:17:57.332702 +00:00,2025-11-26 22:17:57.332702 +00:00
BTC,1h,2025-11-20 21:00:00.000000 +00:00,86335.3700000000,87570.6400000000,86294.0500000000,87184.0000000000,1627.3773381000,2025-11-26 22:17:57.332702 +00:00,2025-11-26 22:17:57.332702 +00:00
BTC,1h,2025-11-20 22:00:00.000000 +00:00,87179.4100000000,88152.1800000000,87100.0000000000,87969.5500000000,660.6617283400,2025-11-26 22:17:57.332702 +00:00,2025-11-26 22:17:57.332702 +00:00
BTC,1h,2025-11-20 23:00:00.000000 +00:00,87969.4700000000,88064.7600000000,86457.1700000000,86536.8800000000,638.9139873400,2025-11-26 22:17:57.332702 +00:00,2025-11-26 22:17:57.332702 +00:00
BTC,1h,2025-11-21 00:00:00.000000 +00:00,86531.8700000000,87395.9300000000,86484.4500000000,87177.4000000000,694.1011586100,2025-11-26 22:17:57.332702 +00:00,2025-11-26 22:17:57.332702 +00:00
BTC,1h,2025-11-21 01:00:00.000000 +00:00,87177.4000000000,87360.0000000000,86720.9000000000,86941.5100000000,516.8885637500,2025-11-26 22:17:57.332702 +00:00,2025-11-26 22:17:57.332702 +00:00
BTC,1h,2025-11-21 02:00:00.000000 +00:00,86942.0800000000,86967.5900000000,85266.0300000000,85346.8000000000,1138.0483006700,2025-11-26 22:17:57.332702 +00:00,2025-11-26 22:17:57.332702 +00:00
BTC,1h,2025-11-21 03:00:00.000000 +00:00,85337.2900000000,86029.9700000000,85320.4400000000,85718.0200000000,877.2485666600,2025-11-26 22:17:57.332702 +00:00,2025-11-26 22:17:57.332702 +00:00
BTC,1h,2025-11-21 04:00:00.000000 +00:00,85718.0200000000,86016.3500000000,85292.3000000000,85944.8300000000,603.0197806000,2025-11-26 22:17:57.332702 +00:00,2025-11-26 22:17:57.332702 +00:00
BTC,1h,2025-11-21 05:00:00.000000 +00:00,85944.8200000000,86250.0000000000,85718.0900000000,86084.8600000000,457.1762053600,2025-11-26 22:17:57.332702 +00:00,2025-11-26 22:17:57.332702 +00:00
BTC,1h,2025-11-21 06:00:00.000000 +00:00,86084.8500000000,86151.0000000000,85424.5300000000,85465.9800000000,574.5530050400,2025-11-26 22:17:57.332702 +00:00,2025-11-26 22:17:57.332702 +00:00
BTC,1h,2025-11-21 07:00:00.000000 +00:00,85465.9900000000,85652.0500000000,81385.9700000000,83914.2500000000,2504.4925314100,2025-11-26 22:17:57.332702 +00:00,2025-11-26 22:17:57.332702 +00:00
BTC,1h,2025-11-21 08:00:00.000000 +00:00,83914.2500000000,84589.3000000000,83478.0300000000,83532.0000000000,1027.6949622300,2025-11-26 22:17:57.332702 +00:00,2025-11-26 22:17:57.332702 +00:00
BTC,1h,2025-11-21 09:00:00.000000 +00:00,83528.4900000000,83877.3100000000,82003.3200000000,82104.0200000000,1306.0039277000,2025-11-26 22:17:57.332702 +00:00,2025-11-26 22:17:57.332702 +00:00
BTC,1h,2025-11-21 10:00:00.000000 +00:00,82093.9300000000,82808.3500000000,81548.3200000000,82592.0400000000,1725.4537377800,2025-11-26 22:17:57.332702 +00:00,2025-11-26 22:17:57.332702 +00:00
BTC,1h,2025-11-21 11:00:00.000000 +00:00,82592.0400000000,83245.7400000000,82089.0000000000,82204.5300000000,866.1862569700,2025-11-26 22:17:57.332702 +00:00,2025-11-26 22:17:57.332702 +00:00
BTC,1h,2025-11-21 12:00:00.000000 +00:00,82204.0000000000,83500.0000000000,80524.6500000000,83176.0100000000,2576.5793216000,2025-11-26 22:17:57.332702 +00:00,2025-11-26 22:17:57.332702 +00:00
BTC,1h,2025-11-21 13:00:00.000000 +00:00,83179.8300000000,84340.0000000000,83004.8800000000,84005.7100000000,1522.7598106600,2025-11-26 22:17:57.332702 +00:00,2025-11-26 22:17:57.332702 +00:00
BTC,1h,2025-11-21 14:00:00.000000 +00:00,84016.0100000000,85449.9900000000,83451.5400000000,84756.3000000000,1965.1188866700,2025-11-26 22:17:57.332702 +00:00,2025-11-26 22:17:57.332702 +00:00
BTC,1h,2025-11-21 15:00:00.000000 +00:00,84759.6100000000,85015.9900000000,82650.8500000000,82846.0000000000,2594.7884225600,2025-11-26 22:17:57.332702 +00:00,2025-11-26 22:17:57.332702 +00:00
BTC,1h,2025-11-21 16:00:00.000000 +00:00,82842.0000000000,84836.0900000000,82233.9900000000,84825.2400000000,2386.4479785300,2025-11-26 22:17:57.332702 +00:00,2025-11-26 22:17:57.332702 +00:00
BTC,1h,2025-11-21 17:00:00.000000 +00:00,84826.0000000000,85490.5700000000,84491.1400000000,84806.1300000000,1643.8297282500,2025-11-26 22:17:57.332702 +00:00,2025-11-26 22:17:57.332702 +00:00
BTC,1h,2025-11-21 18:00:00.000000 +00:00,84806.1300000000,85005.0000000000,83224.0000000000,84506.0300000000,1780.1123240000,2025-11-26 22:17:57.332702 +00:00,2025-11-26 22:17:57.332702 +00:00
BTC,1h,2025-11-21 19:00:00.000000 +00:00,84506.0300000000,84962.6500000000,84006.9500000000,84135.7000000000,1099.4136383200,2025-11-26 22:17:57.332702 +00:00,2025-11-26 22:17:57.332702 +00:00
BTC,1h,2025-11-21 20:00:00.000000 +00:00,84135.6900000000,84600.0000000000,83373.9300000000,84487.2000000000,1318.8811571600,2025-11-26 22:17:57.332702 +00:00,2025-11-26 22:17:57.332702 +00:00
BTC,1h,2025-11-21 21:00:00.000000 +00:00,84492.0000000000,85357.7500000000,84290.0200000000,85121.9900000000,852.4465161500,2025-11-26 22:17:57.332702 +00:00,2025-11-26 22:17:57.332702 +00:00
BTC,1h,2025-11-21 22:00:00.000000 +00:00,85121.9900000000,85344.9800000000,84196.0100000000,84210.0000000000,672.7006990800,2025-11-26 22:17:57.332702 +00:00,2025-11-26 22:17:57.332702 +00:00
BTC,1h,2025-11-21 23:00:00.000000 +00:00,84210.0000000000,85286.9900000000,84045.9600000000,85068.8800000000,507.6149845400,2025-11-26 22:17:57.332702 +00:00,2025-11-26 22:17:57.332702 +00:00
BTC,1h,2025-11-22 00:00:00.000000 +00:00,85068.8500000000,85547.1100000000,84500.0000000000,84672.0000000000,673.0496470500,2025-11-26 22:17:57.332702 +00:00,2025-11-26 22:17:57.332702 +00:00
BTC,1h,2025-11-22 01:00:00.000000 +00:00,84671.9900000000,85142.0000000000,84524.0100000000,85104.0000000000,479.7936943200,2025-11-26 22:17:57.332702 +00:00,2025-11-26 22:17:57.332702 +00:00
BTC,1h,2025-11-22 02:00:00.000000 +00:00,85105.1100000000,85141.3400000000,84218.4100000000,84463.9900000000,573.5828302900,2025-11-26 22:17:57.332702 +00:00,2025-11-26 22:17:57.332702 +00:00
BTC,1h,2025-11-22 03:00:00.000000 +00:00,84463.9900000000,84538.8500000000,84141.1200000000,84379.2600000000,380.6205330800,2025-11-26 22:17:57.332702 +00:00,2025-11-26 22:17:57.332702 +00:00
BTC,1h,2025-11-22 04:00:00.000000 +00:00,84380.0700000000,84484.5000000000,83744.4800000000,84177.6700000000,341.4372138900,2025-11-26 22:17:57.332702 +00:00,2025-11-26 22:17:57.332702 +00:00
BTC,1h,2025-11-22 05:00:00.000000 +00:00,84177.6700000000,84252.8800000000,83802.2700000000,84215.9600000000,257.1272568000,2025-11-26 22:17:57.332702 +00:00,2025-11-26 22:17:57.332702 +00:00
BTC,1h,2025-11-22 06:00:00.000000 +00:00,84215.9600000000,84732.0200000000,84013.3900000000,84574.4300000000,229.7378231000,2025-11-26 22:17:57.332702 +00:00,2025-11-26 22:17:57.332702 +00:00
BTC,1h,2025-11-22 07:00:00.000000 +00:00,84574.4300000000,84602.2700000000,84337.8100000000,84522.2000000000,173.7372594400,2025-11-26 22:17:57.332702 +00:00,2025-11-26 22:17:57.332702 +00:00
BTC,1h,2025-11-22 08:00:00.000000 +00:00,84522.2000000000,84524.0100000000,83861.3000000000,83959.0200000000,224.9540594500,2025-11-26 22:17:57.332702 +00:00,2025-11-26 22:17:57.332702 +00:00
BTC,1h,2025-11-22 09:00:00.000000 +00:00,83960.5400000000,84285.1700000000,83790.3000000000,83870.0100000000,302.6996445700,2025-11-26 22:17:57.332702 +00:00,2025-11-26 22:17:57.332702 +00:00
BTC,1h,2025-11-22 10:00:00.000000 +00:00,83871.2000000000,84159.4600000000,83441.9100000000,83636.5700000000,338.1024968900,2025-11-26 22:17:57.332702 +00:00,2025-11-26 22:17:57.332702 +00:00
BTC,1h,2025-11-22 11:00:00.000000 +00:00,83640.2300000000,84280.6500000000,83531.9300000000,84033.6200000000,258.5872120200,2025-11-26 22:17:57.332702 +00:00,2025-11-26 22:17:57.332702 +00:00
BTC,1h,2025-11-22 12:00:00.000000 +00:00,84033.6000000000,84100.0000000000,83569.4500000000,83829.8500000000,296.8573101100,2025-11-26 22:17:57.332702 +00:00,2025-11-26 22:17:57.332702 +00:00
BTC,1h,2025-11-22 13:00:00.000000 +00:00,83829.4800000000,84080.0000000000,83596.6300000000,83890.0100000000,211.7770524800,2025-11-26 22:17:57.332702 +00:00,2025-11-26 22:17:57.332702 +00:00
BTC,1h,2025-11-22 14:00:00.000000 +00:00,83890.0100000000,84699.9500000000,83882.0200000000,84436.0300000000,287.7175421200,2025-11-26 22:17:57.332702 +00:00,2025-11-26 22:17:57.332702 +00:00
BTC,1h,2025-11-22 15:00:00.000000 +00:00,84436.0300000000,84511.6800000000,83956.9400000000,84228.1500000000,299.0957206500,2025-11-26 22:17:57.332702 +00:00,2025-11-26 22:17:57.332702 +00:00
BTC,1h,2025-11-22 16:00:00.000000 +00:00,84228.1500000000,84850.0000000000,84159.6100000000,84644.4300000000,268.1301158400,2025-11-26 22:17:57.332702 +00:00,2025-11-26 22:17:57.332702 +00:00
BTC,1h,2025-11-22 17:00:00.000000 +00:00,84646.6600000000,84676.3600000000,84359.9800000000,84493.5600000000,273.0862246800,2025-11-26 22:17:57.332702 +00:00,2025-11-26 22:17:57.332702 +00:00
BTC,1h,2025-11-22 18:00:00.000000 +00:00,84492.1700000000,84631.5600000000,84422.0000000000,84607.7900000000,190.5213137200,2025-11-26 22:17:57.332702 +00:00,2025-11-26 22:17:57.332702 +00:00
BTC,1h,2025-11-22 19:00:00.000000 +00:00,84607.7800000000,84772.4100000000,84450.2600000000,84552.4000000000,230.4200717200,2025-11-26 22:17:57.332702 +00:00,2025-11-26 22:17:57.332702 +00:00
BTC,1h,2025-11-22 20:00:00.000000 +00:00,84552.4100000000,84764.1400000000,84181.9600000000,84416.6200000000,269.8844491700,2025-11-26 22:17:57.332702 +00:00,2025-11-26 22:17:57.332702 +00:00
BTC,1h,2025-11-22 21:00:00.000000 +00:00,84416.6200000000,84461.9900000000,84185.7600000000,84358.1500000000,236.4422304900,2025-11-26 22:17:57.332702 +00:00,2025-11-26 22:17:57.332702 +00:00
BTC,1h,2025-11-22 22:00:00.000000 +00:00,84358.1500000000,85208.0000000000,84217.8700000000,85012.5400000000,290.1722171800,2025-11-26 22:17:57.332702 +00:00,2025-11-26 22:17:57.332702 +00:00
BTC,1h,2025-11-22 23:00:00.000000 +00:00,85012.5300000000,85134.5700000000,84608.6700000000,84684.0000000000,242.9879320100,2025-11-26 22:17:57.332702 +00:00,2025-11-26 22:17:57.332702 +00:00
BTC,1h,2025-11-23 00:00:00.000000 +00:00,84683.9900000000,85247.3800000000,84614.1100000000,84915.2500000000,434.6287803700,2025-11-26 22:17:57.332702 +00:00,2025-11-26 22:17:57.332702 +00:00
BTC,1h,2025-11-23 01:00:00.000000 +00:00,84915.2500000000,86095.7800000000,84894.4800000000,85827.8800000000,820.5089161200,2025-11-26 22:17:57.332702 +00:00,2025-11-26 22:17:57.332702 +00:00
BTC,1h,2025-11-23 02:00:00.000000 +00:00,85827.8800000000,86295.9800000000,85627.9700000000,85944.1400000000,579.2977977300,2025-11-26 22:17:57.332702 +00:00,2025-11-26 22:17:57.332702 +00:00
BTC,1h,2025-11-23 03:00:00.000000 +00:00,85940.2700000000,86264.7000000000,85748.3000000000,86264.0100000000,292.2514744300,2025-11-26 22:17:57.332702 +00:00,2025-11-26 22:17:57.332702 +00:00
BTC,1h,2025-11-23 04:00:00.000000 +00:00,86262.7200000000,86814.8200000000,86098.0400000000,86496.0400000000,601.1374609900,2025-11-26 22:17:57.332702 +00:00,2025-11-26 22:17:57.332702 +00:00
BTC,1h,2025-11-23 05:00:00.000000 +00:00,86499.0300000000,86570.0800000000,85947.3100000000,86305.2300000000,305.8353806700,2025-11-26 22:17:57.332702 +00:00,2025-11-26 22:17:57.332702 +00:00
BTC,1h,2025-11-23 06:00:00.000000 +00:00,86305.2300000000,86473.2900000000,85812.8800000000,85812.8800000000,240.9420547900,2025-11-26 22:17:57.332702 +00:00,2025-11-26 22:17:57.332702 +00:00
BTC,1h,2025-11-23 07:00:00.000000 +00:00,85812.9000000000,85870.4900000000,85353.1200000000,85724.0700000000,237.5578800100,2025-11-26 22:17:57.332702 +00:00,2025-11-26 22:17:57.332702 +00:00
BTC,1h,2025-11-23 08:00:00.000000 +00:00,85721.4500000000,86142.3400000000,85717.0800000000,86088.0500000000,232.0701348500,2025-11-26 22:17:57.332702 +00:00,2025-11-26 22:17:57.332702 +00:00
BTC,1h,2025-11-23 09:00:00.000000 +00:00,86090.0100000000,86425.0800000000,86030.7500000000,86369.9900000000,165.0295162000,2025-11-26 22:17:57.332702 +00:00,2025-11-26 22:17:57.332702 +00:00
BTC,1h,2025-11-23 10:00:00.000000 +00:00,86360.0200000000,86418.0800000000,85996.9800000000,86012.0000000000,202.7980642100,2025-11-26 22:17:57.332702 +00:00,2025-11-26 22:17:57.332702 +00:00
BTC,1h,2025-11-23 11:00:00.000000 +00:00,86012.0500000000,86382.8000000000,85779.5000000000,86293.1200000000,164.3552386000,2025-11-26 22:17:57.332702 +00:00,2025-11-26 22:17:57.332702 +00:00
BTC,1h,2025-11-23 12:00:00.000000 +00:00,86292.6900000000,86849.3600000000,86229.9300000000,86483.2000000000,354.2132701500,2025-11-26 22:17:57.332702 +00:00,2025-11-26 22:17:57.332702 +00:00
BTC,1h,2025-11-23 13:00:00.000000 +00:00,86488.2900000000,86894.3100000000,86265.0000000000,86892.3300000000,292.0717845000,2025-11-26 22:17:57.332702 +00:00,2025-11-26 22:17:57.332702 +00:00
BTC,1h,2025-11-23 14:00:00.000000 +00:00,86892.3200000000,87163.9000000000,86440.8900000000,86506.0100000000,497.1182398100,2025-11-26 22:17:57.332702 +00:00,2025-11-26 22:17:57.332702 +00:00
BTC,1h,2025-11-23 15:00:00.000000 +00:00,86506.2400000000,87200.0000000000,86401.6600000000,87046.0100000000,299.2675096600,2025-11-26 22:17:57.332702 +00:00,2025-11-26 22:17:57.332702 +00:00
BTC,1h,2025-11-23 16:00:00.000000 +00:00,87046.0200000000,87455.0000000000,86627.9800000000,86643.2100000000,699.4816442600,2025-11-26 22:17:57.332702 +00:00,2025-11-26 22:17:57.332702 +00:00
BTC,1h,2025-11-23 17:00:00.000000 +00:00,86654.0400000000,86923.6900000000,86460.3400000000,86711.1700000000,428.1031024700,2025-11-26 22:17:57.332702 +00:00,2025-11-26 22:17:57.332702 +00:00
BTC,1h,2025-11-23 18:00:00.000000 +00:00,86710.5300000000,87220.0200000000,86680.0100000000,86959.9900000000,405.5985851500,2025-11-26 22:17:57.332702 +00:00,2025-11-26 22:17:57.332702 +00:00
BTC,1h,2025-11-23 19:00:00.000000 +00:00,86954.5600000000,87649.0500000000,86890.8700000000,87290.4200000000,523.5901304900,2025-11-26 22:17:57.332702 +00:00,2025-11-26 22:17:57.332702 +00:00
BTC,1h,2025-11-23 20:00:00.000000 +00:00,87290.4100000000,87682.3700000000,87203.9900000000,87452.0100000000,480.0068184900,2025-11-26 22:17:57.332702 +00:00,2025-11-26 22:17:57.332702 +00:00
BTC,1h,2025-11-23 21:00:00.000000 +00:00,87452.0100000000,87984.5300000000,87118.9700000000,87970.0100000000,438.3911183500,2025-11-26 22:17:57.332702 +00:00,2025-11-26 22:17:57.332702 +00:00
BTC,1h,2025-11-23 22:00:00.000000 +00:00,87970.0100000000,88100.0000000000,87524.0200000000,87980.4900000000,412.1216833900,2025-11-26 22:17:57.332702 +00:00,2025-11-26 22:17:57.332702 +00:00
BTC,1h,2025-11-23 23:00:00.000000 +00:00,87980.4900000000,88072.5100000000,86692.0000000000,86808.2800000000,679.6870668800,2025-11-26 22:17:57.332702 +00:00,2025-11-26 22:17:57.332702 +00:00
BTC,1h,2025-11-24 00:00:00.000000 +00:00,86808.2800000000,87178.8100000000,85906.8300000000,86702.5400000000,695.1509544000,2025-11-26 22:17:57.332702 +00:00,2025-11-26 22:17:57.332702 +00:00
BTC,1h,2025-11-24 01:00:00.000000 +00:00,86702.5400000000,87047.0600000000,86357.4700000000,87031.2400000000,464.8682964500,2025-11-26 22:17:57.332702 +00:00,2025-11-26 22:17:57.332702 +00:00
BTC,1h,2025-11-24 02:00:00.000000 +00:00,87031.2300000000,88019.0600000000,86986.0000000000,87486.0300000000,634.9634823700,2025-11-26 22:17:57.332702 +00:00,2025-11-26 22:17:57.332702 +00:00
BTC,1h,2025-11-24 03:00:00.000000 +00:00,87486.0300000000,87762.1400000000,87151.2800000000,87408.0000000000,325.6580402400,2025-11-26 22:17:57.332702 +00:00,2025-11-26 22:17:57.332702 +00:00
BTC,1h,2025-11-24 04:00:00.000000 +00:00,87408.0000000000,87563.6700000000,86401.0000000000,86690.1000000000,378.6105498100,2025-11-26 22:17:57.332702 +00:00,2025-11-26 22:17:57.332702 +00:00
BTC,1h,2025-11-24 05:00:00.000000 +00:00,86690.0900000000,87797.6400000000,86635.5900000000,87421.0600000000,399.1976101300,2025-11-26 22:17:57.332702 +00:00,2025-11-26 22:17:57.332702 +00:00
BTC,1h,2025-11-24 06:00:00.000000 +00:00,87421.0600000000,87473.7900000000,86776.5700000000,86867.5500000000,390.3246591800,2025-11-26 22:17:57.332702 +00:00,2025-11-26 22:17:57.332702 +00:00
BTC,1h,2025-11-24 07:00:00.000000 +00:00,86864.8900000000,87351.2700000000,86641.3600000000,87009.3200000000,315.2429201000,2025-11-26 22:17:57.332702 +00:00,2025-11-26 22:17:57.332702 +00:00
BTC,1h,2025-11-24 08:00:00.000000 +00:00,87009.3200000000,87009.3200000000,86670.0000000000,86911.9900000000,249.0247762200,2025-11-26 22:17:57.332702 +00:00,2025-11-26 22:17:57.332702 +00:00
BTC,1h,2025-11-24 09:00:00.000000 +00:00,86911.9800000000,86911.9800000000,85756.0100000000,85895.0500000000,573.2178273200,2025-11-26 22:17:57.332702 +00:00,2025-11-26 22:17:57.332702 +00:00
BTC,1h,2025-11-24 10:00:00.000000 +00:00,85895.0500000000,86143.0000000000,85633.3800000000,85996.0000000000,625.6214295700,2025-11-26 22:17:57.332702 +00:00,2025-11-26 22:17:57.332702 +00:00
BTC,1h,2025-11-24 11:00:00.000000 +00:00,85995.9900000000,86378.0500000000,85778.3100000000,86210.0300000000,521.6689281300,2025-11-26 22:17:57.332702 +00:00,2025-11-26 22:17:57.332702 +00:00
BTC,1h,2025-11-24 12:00:00.000000 +00:00,86210.0200000000,86264.0000000000,85828.8900000000,85949.3800000000,405.7011394100,2025-11-26 22:17:57.332702 +00:00,2025-11-26 22:17:57.332702 +00:00
BTC,1h,2025-11-24 13:00:00.000000 +00:00,85949.3700000000,86522.4600000000,85900.1400000000,86096.0000000000,427.2767062300,2025-11-26 22:17:57.332702 +00:00,2025-11-26 22:17:57.332702 +00:00
BTC,1h,2025-11-24 14:00:00.000000 +00:00,86095.9900000000,86600.6200000000,85213.1700000000,86089.4400000000,872.7071187100,2025-11-26 22:17:57.332702 +00:00,2025-11-26 22:17:57.332702 +00:00
BTC,1h,2025-11-24 15:00:00.000000 +00:00,86110.5100000000,86699.6000000000,85851.0100000000,86564.1600000000,924.1855194500,2025-11-26 22:17:57.332702 +00:00,2025-11-26 22:17:57.332702 +00:00
BTC,1h,2025-11-24 16:00:00.000000 +00:00,86564.1600000000,87656.3000000000,86563.7300000000,87129.8400000000,967.4515231500,2025-11-26 22:17:57.332702 +00:00,2025-11-26 22:17:57.332702 +00:00
BTC,1h,2025-11-24 17:00:00.000000 +00:00,87129.8500000000,88444.0000000000,86905.0000000000,88340.7500000000,1025.3931722900,2025-11-26 22:17:57.332702 +00:00,2025-11-26 22:17:57.332702 +00:00
BTC,1h,2025-11-24 18:00:00.000000 +00:00,88340.7600000000,88700.0000000000,88159.0000000000,88689.9000000000,1074.2159353000,2025-11-26 22:17:57.332702 +00:00,2025-11-26 22:17:57.332702 +00:00
BTC,1h,2025-11-24 19:00:00.000000 +00:00,88689.9000000000,88836.0000000000,88099.3300000000,88308.4200000000,746.2055537700,2025-11-26 22:17:57.332702 +00:00,2025-11-26 22:17:57.332702 +00:00
BTC,1h,2025-11-24 20:00:00.000000 +00:00,88308.4200000000,89225.6000000000,88308.4200000000,89072.0100000000,1321.7567616800,2025-11-26 22:17:57.332702 +00:00,2025-11-26 22:17:57.332702 +00:00
BTC,1h,2025-11-24 21:00:00.000000 +00:00,89071.4200000000,89143.0900000000,88694.0100000000,88744.7200000000,741.1872995000,2025-11-26 22:17:57.332702 +00:00,2025-11-26 22:17:57.332702 +00:00
BTC,1h,2025-11-24 22:00:00.000000 +00:00,88744.7300000000,89077.9900000000,88560.0100000000,88605.4600000000,441.2606104400,2025-11-26 22:17:57.332702 +00:00,2025-11-26 22:17:57.332702 +00:00
BTC,1h,2025-11-24 23:00:00.000000 +00:00,88605.4700000000,88675.7500000000,88211.0100000000,88266.2000000000,347.7238852800,2025-11-26 22:17:57.332702 +00:00,2025-11-26 22:17:57.332702 +00:00
BTC,1h,2025-11-25 00:00:00.000000 +00:00,88264.0000000000,88264.0000000000,87835.3900000000,88080.1400000000,517.6368594700,2025-11-26 22:17:57.332702 +00:00,2025-11-26 22:17:57.332702 +00:00
BTC,1h,2025-11-25 01:00:00.000000 +00:00,88080.1400000000,88188.6400000000,87687.2400000000,87708.6900000000,355.9988515100,2025-11-26 22:17:57.332702 +00:00,2025-11-26 22:17:57.332702 +00:00
BTC,1h,2025-11-25 02:00:00.000000 +00:00,87710.3400000000,87944.8900000000,87420.7300000000,87886.6100000000,319.7400969100,2025-11-26 22:17:57.332702 +00:00,2025-11-26 22:17:57.332702 +00:00
BTC,1h,2025-11-25 03:00:00.000000 +00:00,87886.6000000000,88009.9900000000,87513.7400000000,87786.0400000000,186.4593041700,2025-11-26 22:17:57.332702 +00:00,2025-11-26 22:17:57.332702 +00:00
BTC,1h,2025-11-25 04:00:00.000000 +00:00,87786.0400000000,88486.8200000000,87759.0100000000,88311.4400000000,240.7756200500,2025-11-26 22:17:57.332702 +00:00,2025-11-26 22:17:57.332702 +00:00
BTC,1h,2025-11-25 05:00:00.000000 +00:00,88311.4500000000,88319.4400000000,87903.1200000000,88093.2200000000,205.7100175900,2025-11-26 22:17:57.332702 +00:00,2025-11-26 22:17:57.332702 +00:00
BTC,1h,2025-11-25 06:00:00.000000 +00:00,88093.2200000000,88133.3700000000,87778.0800000000,87981.1400000000,210.0398521200,2025-11-26 22:17:57.332702 +00:00,2025-11-26 22:17:57.332702 +00:00
BTC,1h,2025-11-25 07:00:00.000000 +00:00,87981.1400000000,88038.7600000000,87314.5600000000,87375.3400000000,251.3215064400,2025-11-26 22:17:57.332702 +00:00,2025-11-26 22:17:57.332702 +00:00
BTC,1h,2025-11-25 08:00:00.000000 +00:00,87375.3400000000,87590.5000000000,86962.1800000000,86984.7600000000,288.7004575800,2025-11-26 22:17:57.332702 +00:00,2025-11-26 22:17:57.332702 +00:00
BTC,1h,2025-11-25 09:00:00.000000 +00:00,86984.7600000000,87221.7600000000,86654.9600000000,87209.2600000000,419.9719922000,2025-11-26 22:17:57.332702 +00:00,2025-11-26 22:17:57.332702 +00:00
BTC,1h,2025-11-25 10:00:00.000000 +00:00,87208.0600000000,87400.0000000000,86917.1800000000,87382.2700000000,236.8949480900,2025-11-26 22:17:57.332702 +00:00,2025-11-26 22:17:57.332702 +00:00
BTC,1h,2025-11-25 11:00:00.000000 +00:00,87382.2500000000,87513.3100000000,87262.9900000000,87334.4100000000,233.3272754400,2025-11-26 22:17:57.332702 +00:00,2025-11-26 22:17:57.332702 +00:00
BTC,1h,2025-11-25 12:00:00.000000 +00:00,87334.4100000000,87748.0800000000,87334.2200000000,87478.1500000000,238.3900868000,2025-11-26 22:17:57.332702 +00:00,2025-11-26 22:17:57.332702 +00:00
BTC,1h,2025-11-25 13:00:00.000000 +00:00,87478.1700000000,87701.0000000000,86833.2000000000,87035.1400000000,560.9133280600,2025-11-26 22:17:57.332702 +00:00,2025-11-26 22:17:57.332702 +00:00
BTC,1h,2025-11-25 14:00:00.000000 +00:00,87038.1000000000,87270.8900000000,86067.0200000000,86691.4500000000,949.2413900600,2025-11-26 22:17:57.332702 +00:00,2025-11-26 22:17:57.332702 +00:00
BTC,1h,2025-11-25 15:00:00.000000 +00:00,86691.4400000000,87261.1900000000,86155.4000000000,86946.0000000000,705.4788513500,2025-11-26 22:17:57.332702 +00:00,2025-11-26 22:17:57.332702 +00:00
BTC,1h,2025-11-25 16:00:00.000000 +00:00,86945.9900000000,87266.0500000000,86646.4100000000,87068.0200000000,608.6774967000,2025-11-26 22:17:57.332702 +00:00,2025-11-26 22:17:57.332702 +00:00
BTC,1h,2025-11-25 17:00:00.000000 +00:00,87068.0100000000,88108.0000000000,86987.8600000000,87568.6200000000,544.1006033900,2025-11-26 22:17:57.332702 +00:00,2025-11-26 22:17:57.332702 +00:00
BTC,1h,2025-11-25 18:00:00.000000 +00:00,87577.9800000000,87790.5100000000,87179.3000000000,87183.7500000000,417.0241697700,2025-11-26 22:17:57.332702 +00:00,2025-11-26 22:17:57.332702 +00:00
BTC,1h,2025-11-25 19:00:00.000000 +00:00,87183.7500000000,87290.3000000000,86129.0000000000,86834.4300000000,737.7667350800,2025-11-26 22:17:57.332702 +00:00,2025-11-26 22:17:57.332702 +00:00
BTC,1h,2025-11-25 20:00:00.000000 +00:00,86834.4300000000,87434.0000000000,86660.7300000000,87343.6500000000,1083.4954077300,2025-11-26 22:17:57.332702 +00:00,2025-11-26 22:17:57.332702 +00:00
BTC,1h,2025-11-25 21:00:00.000000 +00:00,87343.4500000000,87417.3000000000,86942.0100000000,86995.0400000000,378.3610170100,2025-11-26 22:17:57.332702 +00:00,2025-11-26 22:17:57.332702 +00:00
BTC,1h,2025-11-25 22:00:00.000000 +00:00,86995.0300000000,87684.0000000000,86546.5600000000,87596.3200000000,417.0172302700,2025-11-26 22:17:57.332702 +00:00,2025-11-26 22:17:57.332702 +00:00
BTC,1h,2025-11-25 23:00:00.000000 +00:00,87596.3100000000,87855.9800000000,87283.6300000000,87325.0100000000,376.0177180500,2025-11-26 22:17:57.332702 +00:00,2025-11-26 22:17:57.332702 +00:00
BTC,1h,2025-11-26 00:00:00.000000 +00:00,87325.0000000000,87730.6400000000,87304.9300000000,87538.6000000000,356.0872807800,2025-11-26 22:17:57.332702 +00:00,2025-11-26 22:17:57.332702 +00:00
BTC,1h,2025-11-26 01:00:00.000000 +00:00,87538.6000000000,88188.0000000000,87300.0000000000,87884.0300000000,429.2631253100,2025-11-26 22:17:57.332702 +00:00,2025-11-26 22:17:57.332702 +00:00
BTC,1h,2025-11-26 02:00:00.000000 +00:00,87884.0300000000,88056.6200000000,87618.0000000000,87678.0000000000,247.5928266500,2025-11-26 22:17:57.332702 +00:00,2025-11-26 22:17:57.332702 +00:00
BTC,1h,2025-11-26 03:00:00.000000 +00:00,87678.0100000000,87868.5500000000,87028.4100000000,87084.4800000000,335.0624193200,2025-11-26 22:17:57.332702 +00:00,2025-11-26 22:17:57.332702 +00:00
BTC,1h,2025-11-26 04:00:00.000000 +00:00,87084.4700000000,87337.8200000000,86851.9200000000,87192.1500000000,367.6245585500,2025-11-26 22:17:57.332702 +00:00,2025-11-26 22:17:57.332702 +00:00
BTC,1h,2025-11-26 05:00:00.000000 +00:00,87192.1400000000,87712.6500000000,87183.6000000000,87484.3000000000,340.7759970200,2025-11-26 22:17:57.332702 +00:00,2025-11-26 22:17:57.332702 +00:00
BTC,1h,2025-11-26 06:00:00.000000 +00:00,87484.3000000000,87854.8700000000,87410.6400000000,87760.7600000000,223.2823941800,2025-11-26 22:17:57.332702 +00:00,2025-11-26 22:17:57.332702 +00:00
BTC,1h,2025-11-26 07:00:00.000000 +00:00,87760.7500000000,87938.8300000000,87658.9100000000,87903.9900000000,163.2998152200,2025-11-26 22:17:57.332702 +00:00,2025-11-26 22:17:57.332702 +00:00
BTC,1h,2025-11-26 08:00:00.000000 +00:00,87904.0000000000,87915.9400000000,87370.0500000000,87380.9000000000,269.5596302900,2025-11-26 22:17:57.332702 +00:00,2025-11-26 22:17:57.332702 +00:00
BTC,1h,2025-11-26 09:00:00.000000 +00:00,87377.8900000000,87409.5500000000,86694.4600000000,86791.0500000000,380.1362735200,2025-11-26 22:17:57.332702 +00:00,2025-11-26 22:17:57.332702 +00:00
BTC,1h,2025-11-26 10:00:00.000000 +00:00,86791.0500000000,87027.1200000000,86631.0100000000,86913.4800000000,265.4407521300,2025-11-26 22:17:57.332702 +00:00,2025-11-26 22:17:57.332702 +00:00
BTC,1h,2025-11-26 11:00:00.000000 +00:00,86913.0300000000,87090.6600000000,86794.5300000000,87077.3600000000,141.3232099000,2025-11-26 22:17:57.332702 +00:00,2025-11-26 22:17:57.332702 +00:00
BTC,1h,2025-11-26 12:00:00.000000 +00:00,87077.3500000000,87150.7500000000,86266.9500000000,86626.0100000000,250.6440217200,2025-11-26 22:17:57.332702 +00:00,2025-11-26 22:17:57.332702 +00:00
BTC,1h,2025-11-26 13:00:00.000000 +00:00,86626.0000000000,87105.3600000000,86529.6100000000,87097.9800000000,308.3078781300,2025-11-26 22:17:57.332702 +00:00,2025-11-26 22:17:57.332702 +00:00
BTC,1h,2025-11-26 14:00:00.000000 +00:00,87097.9900000000,87670.8500000000,86778.3100000000,86864.3000000000,659.8882008000,2025-11-26 22:17:57.332702 +00:00,2025-11-26 22:17:57.332702 +00:00
BTC,1h,2025-11-26 15:00:00.000000 +00:00,86868.5900000000,87331.9900000000,86634.8400000000,86945.1400000000,509.2944145600,2025-11-26 22:17:57.332702 +00:00,2025-11-26 22:17:57.332702 +00:00
BTC,1h,2025-11-26 16:00:00.000000 +00:00,86945.1400000000,87910.6800000000,86928.8200000000,87794.0300000000,691.9328048700,2025-11-26 22:17:57.332702 +00:00,2025-11-26 22:17:57.332702 +00:00
BTC,1h,2025-11-26 17:00:00.000000 +00:00,87794.0300000000,89954.9900000000,87683.1500000000,89816.0100000000,1066.0423680200,2025-11-26 22:17:57.332702 +00:00,2025-11-26 22:17:57.332702 +00:00
BTC,1h,2025-11-26 18:00:00.000000 +00:00,89815.9900000000,90399.7400000000,89655.0100000000,90128.0200000000,1305.4645128700,2025-11-26 22:17:57.332702 +00:00,2025-11-26 22:17:57.332702 +00:00
BTC,1h,2025-11-26 19:00:00.000000 +00:00,90128.0200000000,90185.0000000000,89732.1800000000,89948.0000000000,607.5988120900,2025-11-26 22:17:57.332702 +00:00,2025-11-26 22:17:57.332702 +00:00
BTC,1h,2025-11-26 20:00:00.000000 +00:00,89948.0100000000,90100.0000000000,89476.3500000000,89856.0600000000,1042.0242985200,2025-11-26 22:17:57.332702 +00:00,2025-11-26 22:17:57.332702 +00:00
BTC,1h,2025-11-26 21:00:00.000000 +00:00,89856.0600000000,90466.2000000000,89798.0000000000,90186.0600000000,650.9304628800,2025-11-26 22:17:57.332702 +00:00,2025-11-26 22:17:57.332702 +00:00
BTC,1h,2025-11-26 22:00:00.000000 +00:00,90186.0600000000,90628.5300000000,90110.8100000000,90349.9900000000,141.0350864500,2025-11-26 22:17:57.332702 +00:00,2025-11-26 22:17:57.332702 +00:00
ETH,1h,2025-11-14 23:00:00.000000 +00:00,3156.4300000000,3156.4300000000,3085.0700000000,3109.4900000000,5777.7139574200,2025-11-26 22:17:57.717992 +00:00,2025-11-26 22:17:57.717992 +00:00
ETH,1h,2025-11-15 00:00:00.000000 +00:00,3109.8900000000,3148.6400000000,3108.2100000000,3138.4100000000,5301.9983039300,2025-11-26 22:17:57.717992 +00:00,2025-11-26 22:17:57.717992 +00:00
ETH,1h,2025-11-15 01:00:00.000000 +00:00,3138.3000000000,3176.6000000000,3121.4000000000,3170.9300000000,2997.3982997200,2025-11-26 22:17:57.717992 +00:00,2025-11-26 22:17:57.717992 +00:00
ETH,1h,2025-11-15 02:00:00.000000 +00:00,3170.7600000000,3191.5000000000,3160.4700000000,3191.2300000000,3463.3183868600,2025-11-26 22:17:57.717992 +00:00,2025-11-26 22:17:57.717992 +00:00
ETH,1h,2025-11-15 03:00:00.000000 +00:00,3190.4900000000,3191.5000000000,3165.4000000000,3177.3400000000,3819.9751425400,2025-11-26 22:17:57.717992 +00:00,2025-11-26 22:17:57.717992 +00:00
ETH,1h,2025-11-15 04:00:00.000000 +00:00,3177.1200000000,3190.2500000000,3157.0900000000,3170.1500000000,3055.4378802500,2025-11-26 22:17:57.717992 +00:00,2025-11-26 22:17:57.717992 +00:00
ETH,1h,2025-11-15 05:00:00.000000 +00:00,3170.1500000000,3181.9200000000,3159.7200000000,3176.9100000000,1026.1016775800,2025-11-26 22:17:57.717992 +00:00,2025-11-26 22:17:57.717992 +00:00
ETH,1h,2025-11-15 06:00:00.000000 +00:00,3176.9000000000,3186.2200000000,3164.4200000000,3173.7800000000,1431.5898867100,2025-11-26 22:17:57.717992 +00:00,2025-11-26 22:17:57.717992 +00:00
ETH,1h,2025-11-15 07:00:00.000000 +00:00,3173.5900000000,3184.0600000000,3166.8300000000,3174.5400000000,1329.4973479800,2025-11-26 22:17:57.717992 +00:00,2025-11-26 22:17:57.717992 +00:00
ETH,1h,2025-11-15 08:00:00.000000 +00:00,3174.5500000000,3176.4200000000,3132.9200000000,3141.3000000000,2699.7770424500,2025-11-26 22:17:57.717992 +00:00,2025-11-26 22:17:57.717992 +00:00
ETH,1h,2025-11-15 09:00:00.000000 +00:00,3141.1500000000,3163.3500000000,3137.0000000000,3150.7000000000,1022.8384027900,2025-11-26 22:17:57.717992 +00:00,2025-11-26 22:17:57.717992 +00:00
ETH,1h,2025-11-15 10:00:00.000000 +00:00,3150.8000000000,3169.5400000000,3143.5600000000,3166.8100000000,1090.1794960100,2025-11-26 22:17:57.717992 +00:00,2025-11-26 22:17:57.717992 +00:00
ETH,1h,2025-11-15 11:00:00.000000 +00:00,3166.8100000000,3170.3100000000,3144.8600000000,3149.9900000000,874.2230288900,2025-11-26 22:17:57.717992 +00:00,2025-11-26 22:17:57.717992 +00:00
ETH,1h,2025-11-15 12:00:00.000000 +00:00,3150.2000000000,3165.9000000000,3144.4500000000,3160.5500000000,1494.1352145100,2025-11-26 22:17:57.717992 +00:00,2025-11-26 22:17:57.717992 +00:00
ETH,1h,2025-11-15 13:00:00.000000 +00:00,3160.5500000000,3195.3400000000,3157.3700000000,3190.8000000000,2937.0932928000,2025-11-26 22:17:57.717992 +00:00,2025-11-26 22:17:57.717992 +00:00
ETH,1h,2025-11-15 14:00:00.000000 +00:00,3191.0000000000,3191.4000000000,3172.4900000000,3176.0000000000,2330.6535448400,2025-11-26 22:17:57.717992 +00:00,2025-11-26 22:17:57.717992 +00:00
ETH,1h,2025-11-15 15:00:00.000000 +00:00,3176.0000000000,3189.0900000000,3171.6700000000,3184.3000000000,1993.1326647100,2025-11-26 22:17:57.717992 +00:00,2025-11-26 22:17:57.717992 +00:00
ETH,1h,2025-11-15 16:00:00.000000 +00:00,3184.3000000000,3185.7500000000,3161.5700000000,3184.0900000000,3892.8580239300,2025-11-26 22:17:57.717992 +00:00,2025-11-26 22:17:57.717992 +00:00
ETH,1h,2025-11-15 17:00:00.000000 +00:00,3184.0900000000,3217.4600000000,3180.3000000000,3213.0900000000,4783.2005539500,2025-11-26 22:17:57.717992 +00:00,2025-11-26 22:17:57.717992 +00:00
ETH,1h,2025-11-15 18:00:00.000000 +00:00,3213.0900000000,3228.5400000000,3200.9300000000,3206.2200000000,3265.8676707300,2025-11-26 22:17:57.717992 +00:00,2025-11-26 22:17:57.717992 +00:00
ETH,1h,2025-11-15 19:00:00.000000 +00:00,3206.2200000000,3212.8700000000,3190.0400000000,3196.3500000000,2689.5693010600,2025-11-26 22:17:57.717992 +00:00,2025-11-26 22:17:57.717992 +00:00
ETH,1h,2025-11-15 20:00:00.000000 +00:00,3196.3500000000,3198.4500000000,3164.8500000000,3172.6500000000,2766.6927360200,2025-11-26 22:17:57.717992 +00:00,2025-11-26 22:17:57.717992 +00:00
ETH,1h,2025-11-15 21:00:00.000000 +00:00,3172.6400000000,3186.4400000000,3150.7200000000,3155.5300000000,3381.2053936000,2025-11-26 22:17:57.717992 +00:00,2025-11-26 22:17:57.717992 +00:00
ETH,1h,2025-11-15 22:00:00.000000 +00:00,3155.5200000000,3170.3700000000,3152.6900000000,3169.3600000000,1672.9084874200,2025-11-26 22:17:57.717992 +00:00,2025-11-26 22:17:57.717992 +00:00
ETH,1h,2025-11-15 23:00:00.000000 +00:00,3169.3600000000,3175.5600000000,3165.2300000000,3166.3000000000,1145.8180064500,2025-11-26 22:17:57.717992 +00:00,2025-11-26 22:17:57.717992 +00:00
ETH,1h,2025-11-16 00:00:00.000000 +00:00,3166.3000000000,3173.0000000000,3143.8600000000,3150.9100000000,2269.6900612600,2025-11-26 22:17:57.717992 +00:00,2025-11-26 22:17:57.717992 +00:00
ETH,1h,2025-11-16 01:00:00.000000 +00:00,3150.8700000000,3156.2200000000,3130.1000000000,3148.2000000000,3231.6367021700,2025-11-26 22:17:57.717992 +00:00,2025-11-26 22:17:57.717992 +00:00
ETH,1h,2025-11-16 02:00:00.000000 +00:00,3148.2700000000,3204.4700000000,3140.0700000000,3200.4100000000,3640.1107832000,2025-11-26 22:17:57.717992 +00:00,2025-11-26 22:17:57.717992 +00:00
ETH,1h,2025-11-16 03:00:00.000000 +00:00,3200.9900000000,3207.8600000000,3190.8100000000,3200.7300000000,1976.2229053500,2025-11-26 22:17:57.717992 +00:00,2025-11-26 22:17:57.717992 +00:00
ETH,1h,2025-11-16 04:00:00.000000 +00:00,3200.4200000000,3206.1900000000,3184.3600000000,3191.8500000000,1493.9061725200,2025-11-26 22:17:57.717992 +00:00,2025-11-26 22:17:57.717992 +00:00
ETH,1h,2025-11-16 05:00:00.000000 +00:00,3191.8400000000,3213.6000000000,3191.0800000000,3202.4000000000,1700.2352389000,2025-11-26 22:17:57.717992 +00:00,2025-11-26 22:17:57.717992 +00:00
ETH,1h,2025-11-16 06:00:00.000000 +00:00,3202.3700000000,3214.9400000000,3195.8300000000,3198.4600000000,1931.2740903400,2025-11-26 22:17:57.717992 +00:00,2025-11-26 22:17:57.717992 +00:00
ETH,1h,2025-11-16 07:00:00.000000 +00:00,3198.4500000000,3218.4400000000,3196.8100000000,3217.3100000000,1459.1667382200,2025-11-26 22:17:57.717992 +00:00,2025-11-26 22:17:57.717992 +00:00
ETH,1h,2025-11-16 08:00:00.000000 +00:00,3217.3800000000,3225.3600000000,3204.1000000000,3217.0500000000,1150.7637192200,2025-11-26 22:17:57.717992 +00:00,2025-11-26 22:17:57.717992 +00:00
ETH,1h,2025-11-16 09:00:00.000000 +00:00,3217.1800000000,3246.4400000000,3206.4200000000,3245.5600000000,1883.3909010000,2025-11-26 22:17:57.717992 +00:00,2025-11-26 22:17:57.717992 +00:00
ETH,1h,2025-11-16 10:00:00.000000 +00:00,3245.5500000000,3245.5700000000,3226.8400000000,3233.5600000000,1521.9762993600,2025-11-26 22:17:57.717992 +00:00,2025-11-26 22:17:57.717992 +00:00
ETH,1h,2025-11-16 11:00:00.000000 +00:00,3233.5600000000,3235.2100000000,3158.4700000000,3166.6800000000,4477.9645830000,2025-11-26 22:17:57.717992 +00:00,2025-11-26 22:17:57.717992 +00:00
ETH,1h,2025-11-16 12:00:00.000000 +00:00,3166.6700000000,3180.5500000000,3152.6400000000,3167.6900000000,3155.5530363700,2025-11-26 22:17:57.717992 +00:00,2025-11-26 22:17:57.717992 +00:00
ETH,1h,2025-11-16 13:00:00.000000 +00:00,3167.4800000000,3171.8400000000,3136.4700000000,3152.2200000000,2482.0578171400,2025-11-26 22:17:57.717992 +00:00,2025-11-26 22:17:57.717992 +00:00
ETH,1h,2025-11-16 14:00:00.000000 +00:00,3151.9500000000,3177.4500000000,3144.9500000000,3169.5200000000,2628.1672710100,2025-11-26 22:17:57.717992 +00:00,2025-11-26 22:17:57.717992 +00:00
ETH,1h,2025-11-16 15:00:00.000000 +00:00,3169.5200000000,3178.4100000000,3096.7000000000,3103.0000000000,5953.8858692300,2025-11-26 22:17:57.717992 +00:00,2025-11-26 22:17:57.717992 +00:00
ETH,1h,2025-11-16 16:00:00.000000 +00:00,3103.3800000000,3123.4900000000,3056.3500000000,3060.0100000000,13636.7286574400,2025-11-26 22:17:57.717992 +00:00,2025-11-26 22:17:57.717992 +00:00
ETH,1h,2025-11-16 17:00:00.000000 +00:00,3060.0000000000,3085.0300000000,3022.0500000000,3077.7100000000,13204.6620432200,2025-11-26 22:17:57.717992 +00:00,2025-11-26 22:17:57.717992 +00:00
ETH,1h,2025-11-16 18:00:00.000000 +00:00,3077.3000000000,3125.9500000000,3040.7700000000,3058.7900000000,10910.6527749300,2025-11-26 22:17:57.717992 +00:00,2025-11-26 22:17:57.717992 +00:00
ETH,1h,2025-11-16 19:00:00.000000 +00:00,3058.7900000000,3113.9100000000,3055.3200000000,3089.0200000000,5923.6522089900,2025-11-26 22:17:57.717992 +00:00,2025-11-26 22:17:57.717992 +00:00
ETH,1h,2025-11-16 20:00:00.000000 +00:00,3089.0100000000,3115.3500000000,3083.3900000000,3087.5600000000,2807.0609533100,2025-11-26 22:17:57.717992 +00:00,2025-11-26 22:17:57.717992 +00:00
ETH,1h,2025-11-16 21:00:00.000000 +00:00,3087.8700000000,3094.8000000000,3056.8400000000,3072.0000000000,6068.4413820400,2025-11-26 22:17:57.717992 +00:00,2025-11-26 22:17:57.717992 +00:00
ETH,1h,2025-11-16 22:00:00.000000 +00:00,3071.9900000000,3098.5900000000,3042.0000000000,3090.0400000000,6823.6200514700,2025-11-26 22:17:57.717992 +00:00,2025-11-26 22:17:57.717992 +00:00
ETH,1h,2025-11-16 23:00:00.000000 +00:00,3089.8700000000,3104.9900000000,3001.1300000000,3092.2500000000,13035.6560335500,2025-11-26 22:17:57.717992 +00:00,2025-11-26 22:17:57.717992 +00:00
ETH,1h,2025-11-17 00:00:00.000000 +00:00,3092.2400000000,3139.2000000000,3066.7000000000,3134.8700000000,9788.6862523100,2025-11-26 22:17:57.717992 +00:00,2025-11-26 22:17:57.717992 +00:00
ETH,1h,2025-11-17 01:00:00.000000 +00:00,3134.7500000000,3144.4800000000,3112.4500000000,3112.9600000000,6999.6886883900,2025-11-26 22:17:57.717992 +00:00,2025-11-26 22:17:57.717992 +00:00
ETH,1h,2025-11-17 02:00:00.000000 +00:00,3112.8100000000,3158.6100000000,3109.8100000000,3146.8500000000,6454.9594945500,2025-11-26 22:17:57.717992 +00:00,2025-11-26 22:17:57.717992 +00:00
ETH,1h,2025-11-17 03:00:00.000000 +00:00,3146.8600000000,3178.2800000000,3145.6600000000,3174.4500000000,4991.5553855900,2025-11-26 22:17:57.717992 +00:00,2025-11-26 22:17:57.717992 +00:00
ETH,1h,2025-11-17 04:00:00.000000 +00:00,3174.5100000000,3191.7500000000,3164.1000000000,3183.4900000000,3415.9562869600,2025-11-26 22:17:57.717992 +00:00,2025-11-26 22:17:57.717992 +00:00
ETH,1h,2025-11-17 05:00:00.000000 +00:00,3183.4500000000,3191.6700000000,3175.3900000000,3184.7200000000,3176.9284070800,2025-11-26 22:17:57.717992 +00:00,2025-11-26 22:17:57.717992 +00:00
ETH,1h,2025-11-17 06:00:00.000000 +00:00,3184.7300000000,3196.1800000000,3168.5800000000,3191.8500000000,2522.2858776600,2025-11-26 22:17:57.717992 +00:00,2025-11-26 22:17:57.717992 +00:00
ETH,1h,2025-11-17 07:00:00.000000 +00:00,3192.0800000000,3206.1400000000,3187.0600000000,3196.2300000000,2701.4024983400,2025-11-26 22:17:57.717992 +00:00,2025-11-26 22:17:57.717992 +00:00
ETH,1h,2025-11-17 08:00:00.000000 +00:00,3196.4500000000,3203.5300000000,3182.4100000000,3187.8700000000,2588.1374460600,2025-11-26 22:17:57.717992 +00:00,2025-11-26 22:17:57.717992 +00:00
ETH,1h,2025-11-17 09:00:00.000000 +00:00,3188.0400000000,3213.6900000000,3177.0800000000,3192.4600000000,2471.7584242500,2025-11-26 22:17:57.717992 +00:00,2025-11-26 22:17:57.717992 +00:00
ETH,1h,2025-11-17 10:00:00.000000 +00:00,3192.6500000000,3205.4200000000,3189.1600000000,3194.3800000000,1677.3253175300,2025-11-26 22:17:57.717992 +00:00,2025-11-26 22:17:57.717992 +00:00
ETH,1h,2025-11-17 11:00:00.000000 +00:00,3194.3700000000,3221.1300000000,3190.8600000000,3202.3900000000,2739.9219999900,2025-11-26 22:17:57.717992 +00:00,2025-11-26 22:17:57.717992 +00:00
ETH,1h,2025-11-17 12:00:00.000000 +00:00,3202.0500000000,3202.0500000000,3179.4900000000,3181.5900000000,2724.5768749300,2025-11-26 22:17:57.717992 +00:00,2025-11-26 22:17:57.717992 +00:00
ETH,1h,2025-11-17 13:00:00.000000 +00:00,3181.6400000000,3186.5300000000,3092.6800000000,3118.9900000000,9339.4546948100,2025-11-26 22:17:57.717992 +00:00,2025-11-26 22:17:57.717992 +00:00
ETH,1h,2025-11-17 14:00:00.000000 +00:00,3118.8100000000,3208.5000000000,3098.9200000000,3149.7500000000,15613.8945806700,2025-11-26 22:17:57.717992 +00:00,2025-11-26 22:17:57.717992 +00:00
ETH,1h,2025-11-17 15:00:00.000000 +00:00,3149.7100000000,3163.6600000000,3102.6000000000,3117.8000000000,10944.7391476000,2025-11-26 22:17:57.717992 +00:00,2025-11-26 22:17:57.717992 +00:00
ETH,1h,2025-11-17 16:00:00.000000 +00:00,3117.8900000000,3139.7300000000,3060.0100000000,3132.1500000000,13416.8623281000,2025-11-26 22:17:57.717992 +00:00,2025-11-26 22:17:57.717992 +00:00
ETH,1h,2025-11-17 17:00:00.000000 +00:00,3131.6100000000,3135.3100000000,3050.7600000000,3055.6500000000,12000.7837800500,2025-11-26 22:17:57.717992 +00:00,2025-11-26 22:17:57.717992 +00:00
ETH,1h,2025-11-17 18:00:00.000000 +00:00,3055.7900000000,3079.0000000000,3016.0900000000,3021.5600000000,18421.5914587400,2025-11-26 22:17:57.717992 +00:00,2025-11-26 22:17:57.717992 +00:00
ETH,1h,2025-11-17 19:00:00.000000 +00:00,3021.5900000000,3035.6000000000,2969.0000000000,2977.9900000000,24613.3592791300,2025-11-26 22:17:57.717992 +00:00,2025-11-26 22:17:57.717992 +00:00
ETH,1h,2025-11-17 20:00:00.000000 +00:00,2978.2400000000,3018.4800000000,2955.0100000000,3000.6400000000,18347.1259650600,2025-11-26 22:17:57.717992 +00:00,2025-11-26 22:17:57.717992 +00:00
ETH,1h,2025-11-17 21:00:00.000000 +00:00,3000.8300000000,3024.3000000000,2980.4500000000,3005.4300000000,10418.3535706400,2025-11-26 22:17:57.717992 +00:00,2025-11-26 22:17:57.717992 +00:00
ETH,1h,2025-11-17 22:00:00.000000 +00:00,3005.5500000000,3029.3900000000,2996.3000000000,3019.8900000000,4279.8575876300,2025-11-26 22:17:57.717992 +00:00,2025-11-26 22:17:57.717992 +00:00
ETH,1h,2025-11-17 23:00:00.000000 +00:00,3019.8800000000,3028.1500000000,3002.1000000000,3027.8900000000,5452.8669851700,2025-11-26 22:17:57.717992 +00:00,2025-11-26 22:17:57.717992 +00:00
ETH,1h,2025-11-18 00:00:00.000000 +00:00,3027.8900000000,3037.1400000000,2986.6800000000,3028.5900000000,6538.4594725800,2025-11-26 22:17:57.717992 +00:00,2025-11-26 22:17:57.717992 +00:00
ETH,1h,2025-11-18 01:00:00.000000 +00:00,3028.7800000000,3045.8400000000,3010.0800000000,3013.0200000000,6149.0727060700,2025-11-26 22:17:57.717992 +00:00,2025-11-26 22:17:57.717992 +00:00
ETH,1h,2025-11-18 02:00:00.000000 +00:00,3012.9000000000,3042.2000000000,2973.2800000000,2981.6700000000,10012.6670905200,2025-11-26 22:17:57.717992 +00:00,2025-11-26 22:17:57.717992 +00:00
ETH,1h,2025-11-18 03:00:00.000000 +00:00,2981.8900000000,3024.0000000000,2943.7500000000,3020.2900000000,12402.6310142800,2025-11-26 22:17:57.717992 +00:00,2025-11-26 22:17:57.717992 +00:00
ETH,1h,2025-11-18 04:00:00.000000 +00:00,3020.2600000000,3021.8800000000,2954.7100000000,3002.1000000000,7539.6131060500,2025-11-26 22:17:57.717992 +00:00,2025-11-26 22:17:57.717992 +00:00
ETH,1h,2025-11-18 05:00:00.000000 +00:00,3002.3600000000,3019.7900000000,2981.0000000000,3008.2800000000,5792.3930600100,2025-11-26 22:17:57.717992 +00:00,2025-11-26 22:17:57.717992 +00:00
ETH,1h,2025-11-18 06:00:00.000000 +00:00,3008.4400000000,3011.3900000000,2968.5100000000,2986.1000000000,5693.9554457200,2025-11-26 22:17:57.717992 +00:00,2025-11-26 22:17:57.717992 +00:00
ETH,1h,2025-11-18 07:00:00.000000 +00:00,2986.0200000000,3030.4800000000,2973.5600000000,3020.5900000000,5172.9509961600,2025-11-26 22:17:57.717992 +00:00,2025-11-26 22:17:57.717992 +00:00
ETH,1h,2025-11-18 08:00:00.000000 +00:00,3020.7500000000,3064.5000000000,3020.7500000000,3056.9200000000,5108.3918782700,2025-11-26 22:17:57.717992 +00:00,2025-11-26 22:17:57.717992 +00:00
ETH,1h,2025-11-18 09:00:00.000000 +00:00,3056.8500000000,3064.0300000000,3025.0700000000,3056.8000000000,5151.0616795700,2025-11-26 22:17:57.717992 +00:00,2025-11-26 22:17:57.717992 +00:00
ETH,1h,2025-11-18 10:00:00.000000 +00:00,3056.7000000000,3068.0600000000,3046.6200000000,3062.2500000000,3321.0394567600,2025-11-26 22:17:57.717992 +00:00,2025-11-26 22:17:57.717992 +00:00
ETH,1h,2025-11-18 11:00:00.000000 +00:00,3062.1100000000,3070.2800000000,3048.6000000000,3053.8600000000,3000.7599148900,2025-11-26 22:17:57.717992 +00:00,2025-11-26 22:17:57.717992 +00:00
ETH,1h,2025-11-18 12:00:00.000000 +00:00,3054.0600000000,3062.7200000000,3035.6200000000,3046.0800000000,4599.9388947100,2025-11-26 22:17:57.717992 +00:00,2025-11-26 22:17:57.717992 +00:00
ETH,1h,2025-11-18 13:00:00.000000 +00:00,3045.8500000000,3048.6300000000,3016.4500000000,3045.0000000000,4954.7675939500,2025-11-26 22:17:57.717992 +00:00,2025-11-26 22:17:57.717992 +00:00
ETH,1h,2025-11-18 14:00:00.000000 +00:00,3044.9900000000,3090.2700000000,3028.6800000000,3054.4700000000,10549.8291257200,2025-11-26 22:17:57.717992 +00:00,2025-11-26 22:17:57.717992 +00:00
ETH,1h,2025-11-18 15:00:00.000000 +00:00,3054.3000000000,3120.6600000000,3030.0400000000,3103.9000000000,19451.6168176200,2025-11-26 22:17:57.717992 +00:00,2025-11-26 22:17:57.717992 +00:00
ETH,1h,2025-11-18 16:00:00.000000 +00:00,3103.8900000000,3167.2000000000,3096.6100000000,3150.1000000000,16913.9176620200,2025-11-26 22:17:57.717992 +00:00,2025-11-26 22:17:57.717992 +00:00
ETH,1h,2025-11-18 17:00:00.000000 +00:00,3150.1000000000,3157.4400000000,3117.8700000000,3134.0000000000,12385.9105228700,2025-11-26 22:17:57.717992 +00:00,2025-11-26 22:17:57.717992 +00:00
ETH,1h,2025-11-18 18:00:00.000000 +00:00,3133.9200000000,3168.9800000000,3133.8900000000,3158.8600000000,12784.8066826800,2025-11-26 22:17:57.717992 +00:00,2025-11-26 22:17:57.717992 +00:00
ETH,1h,2025-11-18 19:00:00.000000 +00:00,3158.8700000000,3168.0000000000,3133.0600000000,3143.8800000000,12689.0605290100,2025-11-26 22:17:57.717992 +00:00,2025-11-26 22:17:57.717992 +00:00
ETH,1h,2025-11-18 20:00:00.000000 +00:00,3143.8700000000,3148.9400000000,3120.2000000000,3120.4600000000,14082.3795856900,2025-11-26 22:17:57.717992 +00:00,2025-11-26 22:17:57.717992 +00:00
ETH,1h,2025-11-18 21:00:00.000000 +00:00,3121.0400000000,3129.6600000000,3094.7000000000,3096.3900000000,7892.7162804000,2025-11-26 22:17:57.717992 +00:00,2025-11-26 22:17:57.717992 +00:00
ETH,1h,2025-11-18 22:00:00.000000 +00:00,3096.4000000000,3128.7200000000,3095.7800000000,3123.6000000000,4851.0137008900,2025-11-26 22:17:57.717992 +00:00,2025-11-26 22:17:57.717992 +00:00
ETH,1h,2025-11-18 23:00:00.000000 +00:00,3123.6100000000,3124.7000000000,3105.5300000000,3121.7400000000,3577.8168740400,2025-11-26 22:17:57.717992 +00:00,2025-11-26 22:17:57.717992 +00:00
ETH,1h,2025-11-19 00:00:00.000000 +00:00,3121.5000000000,3122.5100000000,3075.3800000000,3098.4000000000,6635.7996144300,2025-11-26 22:17:57.717992 +00:00,2025-11-26 22:17:57.717992 +00:00
ETH,1h,2025-11-19 01:00:00.000000 +00:00,3098.4000000000,3114.6000000000,3082.8200000000,3103.2800000000,5222.4083770200,2025-11-26 22:17:57.717992 +00:00,2025-11-26 22:17:57.717992 +00:00
ETH,1h,2025-11-19 02:00:00.000000 +00:00,3102.9000000000,3124.1000000000,3096.0000000000,3111.6000000000,6467.0489305500,2025-11-26 22:17:57.717992 +00:00,2025-11-26 22:17:57.717992 +00:00
ETH,1h,2025-11-19 03:00:00.000000 +00:00,3111.8800000000,3116.2500000000,3067.0700000000,3070.4000000000,4848.3888761500,2025-11-26 22:17:57.717992 +00:00,2025-11-26 22:17:57.717992 +00:00
ETH,1h,2025-11-19 04:00:00.000000 +00:00,3070.3700000000,3074.3900000000,3043.2000000000,3046.2000000000,5496.3603801500,2025-11-26 22:17:57.717992 +00:00,2025-11-26 22:17:57.717992 +00:00
ETH,1h,2025-11-19 05:00:00.000000 +00:00,3046.0600000000,3050.2400000000,2989.5100000000,3015.1500000000,9858.8073064200,2025-11-26 22:17:57.717992 +00:00,2025-11-26 22:17:57.717992 +00:00
ETH,1h,2025-11-19 06:00:00.000000 +00:00,3015.2400000000,3042.7200000000,3007.7900000000,3039.1300000000,4484.8234129600,2025-11-26 22:17:57.717992 +00:00,2025-11-26 22:17:57.717992 +00:00
ETH,1h,2025-11-19 07:00:00.000000 +00:00,3038.9900000000,3085.8000000000,3036.5300000000,3083.5400000000,4205.4871111300,2025-11-26 22:17:57.717992 +00:00,2025-11-26 22:17:57.717992 +00:00
ETH,1h,2025-11-19 08:00:00.000000 +00:00,3083.3400000000,3098.6800000000,3070.5100000000,3078.1200000000,4934.0204838200,2025-11-26 22:17:57.717992 +00:00,2025-11-26 22:17:57.717992 +00:00
ETH,1h,2025-11-19 09:00:00.000000 +00:00,3078.1200000000,3086.4500000000,3052.4300000000,3086.3000000000,5470.1319224600,2025-11-26 22:17:57.717992 +00:00,2025-11-26 22:17:57.717992 +00:00
ETH,1h,2025-11-19 10:00:00.000000 +00:00,3086.3200000000,3110.0900000000,3081.4400000000,3089.0900000000,5442.9123848500,2025-11-26 22:17:57.717992 +00:00,2025-11-26 22:17:57.717992 +00:00
ETH,1h,2025-11-19 11:00:00.000000 +00:00,3089.1400000000,3099.8100000000,3074.8800000000,3080.6500000000,4325.2938211100,2025-11-26 22:17:57.717992 +00:00,2025-11-26 22:17:57.717992 +00:00
ETH,1h,2025-11-19 12:00:00.000000 +00:00,3080.6500000000,3105.5200000000,3078.3700000000,3097.9700000000,6335.8144175800,2025-11-26 22:17:57.717992 +00:00,2025-11-26 22:17:57.717992 +00:00
ETH,1h,2025-11-19 13:00:00.000000 +00:00,3097.8000000000,3098.5100000000,3055.6400000000,3064.8300000000,5690.4971349200,2025-11-26 22:17:57.717992 +00:00,2025-11-26 22:17:57.717992 +00:00
ETH,1h,2025-11-19 14:00:00.000000 +00:00,3064.8200000000,3067.8500000000,3021.4500000000,3059.1100000000,9242.6706545400,2025-11-26 22:17:57.717992 +00:00,2025-11-26 22:17:57.717992 +00:00
ETH,1h,2025-11-19 15:00:00.000000 +00:00,3059.1900000000,3104.3900000000,2963.0400000000,2970.3300000000,28433.6502755400,2025-11-26 22:17:57.717992 +00:00,2025-11-26 22:17:57.717992 +00:00
ETH,1h,2025-11-19 16:00:00.000000 +00:00,2970.3200000000,2984.4000000000,2932.5000000000,2947.3000000000,25020.6415805200,2025-11-26 22:17:57.717992 +00:00,2025-11-26 22:17:57.717992 +00:00
ETH,1h,2025-11-19 17:00:00.000000 +00:00,2947.3900000000,2958.9300000000,2894.8700000000,2920.5500000000,23472.1031928100,2025-11-26 22:17:57.717992 +00:00,2025-11-26 22:17:57.717992 +00:00
ETH,1h,2025-11-19 18:00:00.000000 +00:00,2920.2100000000,2926.8500000000,2876.3300000000,2896.0100000000,17313.9242686200,2025-11-26 22:17:57.717992 +00:00,2025-11-26 22:17:57.717992 +00:00
ETH,1h,2025-11-19 19:00:00.000000 +00:00,2896.1100000000,2902.2300000000,2868.5000000000,2877.9000000000,15964.4121452000,2025-11-26 22:17:57.717992 +00:00,2025-11-26 22:17:57.717992 +00:00
ETH,1h,2025-11-19 20:00:00.000000 +00:00,2877.9200000000,2953.3300000000,2870.0700000000,2941.3600000000,16319.6261128300,2025-11-26 22:17:57.717992 +00:00,2025-11-26 22:17:57.717992 +00:00
ETH,1h,2025-11-19 21:00:00.000000 +00:00,2941.6800000000,2998.0000000000,2935.0000000000,2988.5000000000,14490.4906991700,2025-11-26 22:17:57.717992 +00:00,2025-11-26 22:17:57.717992 +00:00
ETH,1h,2025-11-19 22:00:00.000000 +00:00,2988.5000000000,2989.6100000000,2953.6600000000,2982.0900000000,5411.7675159700,2025-11-26 22:17:57.717992 +00:00,2025-11-26 22:17:57.717992 +00:00
ETH,1h,2025-11-19 23:00:00.000000 +00:00,2982.1000000000,3025.3100000000,2981.8100000000,3023.1000000000,10410.0425785000,2025-11-26 22:17:57.717992 +00:00,2025-11-26 22:17:57.717992 +00:00
ETH,1h,2025-11-20 00:00:00.000000 +00:00,3023.1100000000,3046.6200000000,3001.9800000000,3016.5300000000,8474.7360530900,2025-11-26 22:17:57.717992 +00:00,2025-11-26 22:17:57.717992 +00:00
ETH,1h,2025-11-20 01:00:00.000000 +00:00,3016.5200000000,3048.6500000000,3015.8600000000,3045.3400000000,4585.8082740600,2025-11-26 22:17:57.717992 +00:00,2025-11-26 22:17:57.717992 +00:00
ETH,1h,2025-11-20 02:00:00.000000 +00:00,3045.0100000000,3055.6300000000,3027.3300000000,3041.0900000000,4954.3452771800,2025-11-26 22:17:57.717992 +00:00,2025-11-26 22:17:57.717992 +00:00
ETH,1h,2025-11-20 03:00:00.000000 +00:00,3041.3000000000,3050.6400000000,3033.8300000000,3036.1100000000,3328.0803577900,2025-11-26 22:17:57.717992 +00:00,2025-11-26 22:17:57.717992 +00:00
ETH,1h,2025-11-20 04:00:00.000000 +00:00,3036.3200000000,3052.8000000000,3015.0000000000,3051.5000000000,5383.6740303400,2025-11-26 22:17:57.717992 +00:00,2025-11-26 22:17:57.717992 +00:00
ETH,1h,2025-11-20 05:00:00.000000 +00:00,3051.3900000000,3061.0500000000,3030.3200000000,3032.7500000000,4334.6468406900,2025-11-26 22:17:57.717992 +00:00,2025-11-26 22:17:57.717992 +00:00
ETH,1h,2025-11-20 06:00:00.000000 +00:00,3032.7600000000,3040.3100000000,3004.9200000000,3018.0000000000,2772.9246493400,2025-11-26 22:17:57.717992 +00:00,2025-11-26 22:17:57.717992 +00:00
ETH,1h,2025-11-20 07:00:00.000000 +00:00,3018.1500000000,3041.3200000000,3012.7500000000,3036.6700000000,3267.3553647500,2025-11-26 22:17:57.717992 +00:00,2025-11-26 22:17:57.717992 +00:00
ETH,1h,2025-11-20 08:00:00.000000 +00:00,3036.4900000000,3041.6800000000,3020.0700000000,3028.3400000000,1973.6537621300,2025-11-26 22:17:57.717992 +00:00,2025-11-26 22:17:57.717992 +00:00
ETH,1h,2025-11-20 09:00:00.000000 +00:00,3028.2100000000,3031.6900000000,2993.9900000000,3008.2700000000,3407.6352715600,2025-11-26 22:17:57.717992 +00:00,2025-11-26 22:17:57.717992 +00:00
ETH,1h,2025-11-20 10:00:00.000000 +00:00,3008.0600000000,3017.8400000000,2991.1100000000,3012.0000000000,3093.5352260100,2025-11-26 22:17:57.717992 +00:00,2025-11-26 22:17:57.717992 +00:00
ETH,1h,2025-11-20 11:00:00.000000 +00:00,3012.1000000000,3024.8400000000,2999.1900000000,3020.5700000000,2630.7955073500,2025-11-26 22:17:57.717992 +00:00,2025-11-26 22:17:57.717992 +00:00
ETH,1h,2025-11-20 12:00:00.000000 +00:00,3020.5700000000,3030.0000000000,3007.7700000000,3025.6900000000,2436.8934960200,2025-11-26 22:17:57.717992 +00:00,2025-11-26 22:17:57.717992 +00:00
ETH,1h,2025-11-20 13:00:00.000000 +00:00,3025.8100000000,3047.1100000000,2994.0200000000,2997.0100000000,7053.2622588200,2025-11-26 22:17:57.717992 +00:00,2025-11-26 22:17:57.717992 +00:00
ETH,1h,2025-11-20 14:00:00.000000 +00:00,2997.0100000000,3019.3100000000,2960.0000000000,2998.3100000000,14186.3517778000,2025-11-26 22:17:57.717992 +00:00,2025-11-26 22:17:57.717992 +00:00
ETH,1h,2025-11-20 15:00:00.000000 +00:00,2997.9800000000,3000.6900000000,2947.4400000000,2951.3800000000,11662.6700334400,2025-11-26 22:17:57.717992 +00:00,2025-11-26 22:17:57.717992 +00:00
ETH,1h,2025-11-20 16:00:00.000000 +00:00,2951.4600000000,2957.7500000000,2839.7400000000,2858.5100000000,37988.5170186800,2025-11-26 22:17:57.717992 +00:00,2025-11-26 22:17:57.717992 +00:00
ETH,1h,2025-11-20 17:00:00.000000 +00:00,2858.5000000000,2869.9400000000,2803.3000000000,2830.7400000000,26152.8284055600,2025-11-26 22:17:57.717992 +00:00,2025-11-26 22:17:57.717992 +00:00
ETH,1h,2025-11-20 18:00:00.000000 +00:00,2830.4100000000,2858.1600000000,2801.8600000000,2810.0800000000,20485.6085364300,2025-11-26 22:17:57.717992 +00:00,2025-11-26 22:17:57.717992 +00:00
ETH,1h,2025-11-20 19:00:00.000000 +00:00,2810.1600000000,2851.8300000000,2786.9000000000,2843.8400000000,12941.5379149200,2025-11-26 22:17:57.717992 +00:00,2025-11-26 22:17:57.717992 +00:00
ETH,1h,2025-11-20 20:00:00.000000 +00:00,2843.8400000000,2852.6500000000,2815.3300000000,2830.7100000000,9420.7374432200,2025-11-26 22:17:57.717992 +00:00,2025-11-26 22:17:57.717992 +00:00
ETH,1h,2025-11-20 21:00:00.000000 +00:00,2831.1400000000,2894.4100000000,2829.3800000000,2875.5100000000,9786.2271863900,2025-11-26 22:17:57.717992 +00:00,2025-11-26 22:17:57.717992 +00:00
ETH,1h,2025-11-20 22:00:00.000000 +00:00,2875.3300000000,2903.2100000000,2872.7600000000,2882.6000000000,5692.9145278200,2025-11-26 22:17:57.717992 +00:00,2025-11-26 22:17:57.717992 +00:00
ETH,1h,2025-11-20 23:00:00.000000 +00:00,2882.5900000000,2888.1700000000,2823.1700000000,2830.5900000000,9894.0695674500,2025-11-26 22:17:57.717992 +00:00,2025-11-26 22:17:57.717992 +00:00
ETH,1h,2025-11-21 00:00:00.000000 +00:00,2830.3100000000,2866.5000000000,2828.7100000000,2857.3700000000,6802.7929669300,2025-11-26 22:17:57.717992 +00:00,2025-11-26 22:17:57.717992 +00:00
ETH,1h,2025-11-21 01:00:00.000000 +00:00,2857.3600000000,2882.3100000000,2847.5700000000,2857.6100000000,6646.9697887100,2025-11-26 22:17:57.717992 +00:00,2025-11-26 22:17:57.717992 +00:00
ETH,1h,2025-11-21 02:00:00.000000 +00:00,2858.3400000000,2858.5200000000,2770.5300000000,2779.8400000000,15599.6275881600,2025-11-26 22:17:57.717992 +00:00,2025-11-26 22:17:57.717992 +00:00
ETH,1h,2025-11-21 03:00:00.000000 +00:00,2779.5600000000,2822.3100000000,2779.0900000000,2805.5700000000,10151.5137573400,2025-11-26 22:17:57.717992 +00:00,2025-11-26 22:17:57.717992 +00:00
ETH,1h,2025-11-21 04:00:00.000000 +00:00,2805.5600000000,2818.4600000000,2779.5600000000,2815.6800000000,5549.8632078100,2025-11-26 22:17:57.717992 +00:00,2025-11-26 22:17:57.717992 +00:00
ETH,1h,2025-11-21 05:00:00.000000 +00:00,2815.4200000000,2828.9400000000,2796.3300000000,2805.6500000000,4831.4852148900,2025-11-26 22:17:57.717992 +00:00,2025-11-26 22:17:57.717992 +00:00
ETH,1h,2025-11-21 06:00:00.000000 +00:00,2805.8800000000,2811.5100000000,2776.8200000000,2786.6100000000,6234.0827419100,2025-11-26 22:17:57.717992 +00:00,2025-11-26 22:17:57.717992 +00:00
ETH,1h,2025-11-21 07:00:00.000000 +00:00,2786.6600000000,2796.7800000000,2650.0000000000,2716.0100000000,23254.2695043800,2025-11-26 22:17:57.717992 +00:00,2025-11-26 22:17:57.717992 +00:00
ETH,1h,2025-11-21 08:00:00.000000 +00:00,2716.0000000000,2750.6400000000,2702.4100000000,2734.8000000000,7778.0271272600,2025-11-26 22:17:57.717992 +00:00,2025-11-26 22:17:57.717992 +00:00
ETH,1h,2025-11-21 09:00:00.000000 +00:00,2734.6900000000,2745.1900000000,2675.1000000000,2677.5800000000,12792.2350592200,2025-11-26 22:17:57.717992 +00:00,2025-11-26 22:17:57.717992 +00:00
ETH,1h,2025-11-21 10:00:00.000000 +00:00,2677.5600000000,2713.4400000000,2659.1000000000,2693.0400000000,12875.6743680800,2025-11-26 22:17:57.717992 +00:00,2025-11-26 22:17:57.717992 +00:00
ETH,1h,2025-11-21 11:00:00.000000 +00:00,2693.2700000000,2719.6100000000,2670.7200000000,2684.6500000000,6633.8544431100,2025-11-26 22:17:57.717992 +00:00,2025-11-26 22:17:57.717992 +00:00
ETH,1h,2025-11-21 12:00:00.000000 +00:00,2684.6600000000,2740.2700000000,2620.0000000000,2724.4700000000,20139.4414416300,2025-11-26 22:17:57.717992 +00:00,2025-11-26 22:17:57.717992 +00:00
ETH,1h,2025-11-21 13:00:00.000000 +00:00,2724.1300000000,2766.2200000000,2706.8200000000,2738.8300000000,13941.8984227700,2025-11-26 22:17:57.717992 +00:00,2025-11-26 22:17:57.717992 +00:00
ETH,1h,2025-11-21 14:00:00.000000 +00:00,2738.2100000000,2779.2000000000,2715.5100000000,2767.6000000000,15395.7990793900,2025-11-26 22:17:57.717992 +00:00,2025-11-26 22:17:57.717992 +00:00
ETH,1h,2025-11-21 15:00:00.000000 +00:00,2768.0500000000,2776.8700000000,2684.4600000000,2702.9700000000,19688.5423509600,2025-11-26 22:17:57.717992 +00:00,2025-11-26 22:17:57.717992 +00:00
ETH,1h,2025-11-21 16:00:00.000000 +00:00,2702.4100000000,2762.4500000000,2672.3300000000,2760.9700000000,21794.5762955000,2025-11-26 22:17:57.717992 +00:00,2025-11-26 22:17:57.717992 +00:00
ETH,1h,2025-11-21 17:00:00.000000 +00:00,2761.1000000000,2804.5300000000,2752.0000000000,2778.0800000000,22087.6995930900,2025-11-26 22:17:57.717992 +00:00,2025-11-26 22:17:57.717992 +00:00
ETH,1h,2025-11-21 18:00:00.000000 +00:00,2778.1000000000,2792.3000000000,2715.5300000000,2776.8000000000,16641.9102821600,2025-11-26 22:17:57.717992 +00:00,2025-11-26 22:17:57.717992 +00:00
ETH,1h,2025-11-21 19:00:00.000000 +00:00,2776.7200000000,2785.2800000000,2737.2200000000,2749.4800000000,11917.2423472300,2025-11-26 22:17:57.717992 +00:00,2025-11-26 22:17:57.717992 +00:00
ETH,1h,2025-11-21 20:00:00.000000 +00:00,2749.4900000000,2753.6600000000,2705.8800000000,2735.9100000000,14368.3581699300,2025-11-26 22:17:57.717992 +00:00,2025-11-26 22:17:57.717992 +00:00
ETH,1h,2025-11-21 21:00:00.000000 +00:00,2735.8500000000,2774.1500000000,2729.6600000000,2765.1600000000,6242.0469189100,2025-11-26 22:17:57.717992 +00:00,2025-11-26 22:17:57.717992 +00:00
ETH,1h,2025-11-21 22:00:00.000000 +00:00,2765.0300000000,2772.3700000000,2718.6800000000,2720.1600000000,4033.6172844100,2025-11-26 22:17:57.717992 +00:00,2025-11-26 22:17:57.717992 +00:00
ETH,1h,2025-11-21 23:00:00.000000 +00:00,2720.0100000000,2768.4100000000,2711.0400000000,2763.9900000000,4057.4437056900,2025-11-26 22:17:57.717992 +00:00,2025-11-26 22:17:57.717992 +00:00
ETH,1h,2025-11-22 00:00:00.000000 +00:00,2763.9900000000,2779.1800000000,2756.3000000000,2764.4000000000,4073.1827597000,2025-11-26 22:17:57.717992 +00:00,2025-11-26 22:17:57.717992 +00:00
ETH,1h,2025-11-22 01:00:00.000000 +00:00,2764.6000000000,2783.0000000000,2759.5300000000,2772.9600000000,3663.9108192300,2025-11-26 22:17:57.717992 +00:00,2025-11-26 22:17:57.717992 +00:00
ETH,1h,2025-11-22 02:00:00.000000 +00:00,2772.9600000000,2776.0200000000,2737.4900000000,2751.2100000000,4310.0889867400,2025-11-26 22:17:57.717992 +00:00,2025-11-26 22:17:57.717992 +00:00
ETH,1h,2025-11-22 03:00:00.000000 +00:00,2751.2800000000,2756.4500000000,2740.2500000000,2750.8000000000,3614.7569495500,2025-11-26 22:17:57.717992 +00:00,2025-11-26 22:17:57.717992 +00:00
ETH,1h,2025-11-22 04:00:00.000000 +00:00,2750.6800000000,2753.0600000000,2723.8200000000,2745.4000000000,4456.0177027600,2025-11-26 22:17:57.717992 +00:00,2025-11-26 22:17:57.717992 +00:00
ETH,1h,2025-11-22 05:00:00.000000 +00:00,2745.4900000000,2748.0100000000,2725.7300000000,2742.8100000000,2835.9673980800,2025-11-26 22:17:57.717992 +00:00,2025-11-26 22:17:57.717992 +00:00
ETH,1h,2025-11-22 06:00:00.000000 +00:00,2742.7300000000,2766.7500000000,2730.7900000000,2764.5500000000,3197.2185914100,2025-11-26 22:17:57.717992 +00:00,2025-11-26 22:17:57.717992 +00:00
ETH,1h,2025-11-22 07:00:00.000000 +00:00,2764.4800000000,2769.5100000000,2753.0700000000,2754.4800000000,2884.4359701900,2025-11-26 22:17:57.717992 +00:00,2025-11-26 22:17:57.717992 +00:00
ETH,1h,2025-11-22 08:00:00.000000 +00:00,2754.4800000000,2754.7000000000,2716.7700000000,2728.0900000000,4121.0425620800,2025-11-26 22:17:57.717992 +00:00,2025-11-26 22:17:57.717992 +00:00
ETH,1h,2025-11-22 09:00:00.000000 +00:00,2728.2100000000,2738.0200000000,2719.6500000000,2724.1500000000,2810.9905637800,2025-11-26 22:17:57.717992 +00:00,2025-11-26 22:17:57.717992 +00:00
ETH,1h,2025-11-22 10:00:00.000000 +00:00,2724.0200000000,2730.0800000000,2703.2600000000,2711.1800000000,2509.5492110200,2025-11-26 22:17:57.717992 +00:00,2025-11-26 22:17:57.717992 +00:00
ETH,1h,2025-11-22 11:00:00.000000 +00:00,2711.1800000000,2741.5000000000,2702.7100000000,2733.3400000000,7823.1516558000,2025-11-26 22:17:57.717992 +00:00,2025-11-26 22:17:57.717992 +00:00
ETH,1h,2025-11-22 12:00:00.000000 +00:00,2733.3500000000,2734.4900000000,2709.7600000000,2719.5100000000,2618.3105863300,2025-11-26 22:17:57.717992 +00:00,2025-11-26 22:17:57.717992 +00:00
ETH,1h,2025-11-22 13:00:00.000000 +00:00,2719.5700000000,2732.8100000000,2710.2400000000,2717.9800000000,2031.3210282800,2025-11-26 22:17:57.717992 +00:00,2025-11-26 22:17:57.717992 +00:00
ETH,1h,2025-11-22 14:00:00.000000 +00:00,2718.1300000000,2752.4900000000,2717.2600000000,2744.7100000000,4443.5280269600,2025-11-26 22:17:57.717992 +00:00,2025-11-26 22:17:57.717992 +00:00
ETH,1h,2025-11-22 15:00:00.000000 +00:00,2744.5400000000,2749.4900000000,2724.1300000000,2737.0200000000,3266.0535513100,2025-11-26 22:17:57.717992 +00:00,2025-11-26 22:17:57.717992 +00:00
ETH,1h,2025-11-22 16:00:00.000000 +00:00,2737.2200000000,2758.4200000000,2733.4600000000,2754.1200000000,4155.0326438600,2025-11-26 22:17:57.717992 +00:00,2025-11-26 22:17:57.717992 +00:00
ETH,1h,2025-11-22 17:00:00.000000 +00:00,2754.1200000000,2756.9800000000,2743.3700000000,2748.4300000000,4091.4946570100,2025-11-26 22:17:57.717992 +00:00,2025-11-26 22:17:57.717992 +00:00
ETH,1h,2025-11-22 18:00:00.000000 +00:00,2748.5000000000,2753.7000000000,2741.5000000000,2751.1000000000,2956.6973273500,2025-11-26 22:17:57.717992 +00:00,2025-11-26 22:17:57.717992 +00:00
ETH,1h,2025-11-22 19:00:00.000000 +00:00,2751.1200000000,2755.8800000000,2743.4500000000,2749.2100000000,3362.7188486800,2025-11-26 22:17:57.717992 +00:00,2025-11-26 22:17:57.717992 +00:00
ETH,1h,2025-11-22 20:00:00.000000 +00:00,2749.2000000000,2755.5000000000,2730.4800000000,2739.6000000000,3571.7259114600,2025-11-26 22:17:57.717992 +00:00,2025-11-26 22:17:57.717992 +00:00
ETH,1h,2025-11-22 21:00:00.000000 +00:00,2739.6700000000,2747.3000000000,2735.2300000000,2746.1300000000,2623.5331275100,2025-11-26 22:17:57.717992 +00:00,2025-11-26 22:17:57.717992 +00:00
ETH,1h,2025-11-22 22:00:00.000000 +00:00,2746.1300000000,2797.8600000000,2739.8000000000,2787.4400000000,6076.7447030000,2025-11-26 22:17:57.717992 +00:00,2025-11-26 22:17:57.717992 +00:00
ETH,1h,2025-11-22 23:00:00.000000 +00:00,2787.4000000000,2791.6500000000,2766.0100000000,2768.5000000000,7640.5608076800,2025-11-26 22:17:57.717992 +00:00,2025-11-26 22:17:57.717992 +00:00
ETH,1h,2025-11-23 00:00:00.000000 +00:00,2768.4000000000,2788.1000000000,2766.7200000000,2771.6600000000,5352.4337127600,2025-11-26 22:17:57.717992 +00:00,2025-11-26 22:17:57.717992 +00:00
ETH,1h,2025-11-23 01:00:00.000000 +00:00,2771.6600000000,2813.4600000000,2770.1900000000,2806.9500000000,5017.9759731800,2025-11-26 22:17:57.717992 +00:00,2025-11-26 22:17:57.717992 +00:00
ETH,1h,2025-11-23 02:00:00.000000 +00:00,2806.9500000000,2832.3400000000,2802.6600000000,2819.7400000000,6819.0866630500,2025-11-26 22:17:57.717992 +00:00,2025-11-26 22:17:57.717992 +00:00
ETH,1h,2025-11-23 03:00:00.000000 +00:00,2819.7300000000,2824.0500000000,2807.7000000000,2823.5200000000,3357.0281529100,2025-11-26 22:17:57.717992 +00:00,2025-11-26 22:17:57.717992 +00:00
ETH,1h,2025-11-23 04:00:00.000000 +00:00,2823.5100000000,2851.1800000000,2818.5000000000,2826.4000000000,6904.9902984300,2025-11-26 22:17:57.717992 +00:00,2025-11-26 22:17:57.717992 +00:00
ETH,1h,2025-11-23 05:00:00.000000 +00:00,2826.4100000000,2829.7200000000,2811.8800000000,2823.9800000000,3656.2099252900,2025-11-26 22:17:57.717992 +00:00,2025-11-26 22:17:57.717992 +00:00
ETH,1h,2025-11-23 06:00:00.000000 +00:00,2823.9800000000,2831.4300000000,2802.5500000000,2808.8100000000,3348.4854695100,2025-11-26 22:17:57.717992 +00:00,2025-11-26 22:17:57.717992 +00:00
ETH,1h,2025-11-23 07:00:00.000000 +00:00,2808.6900000000,2810.8900000000,2775.0100000000,2792.4100000000,5203.3568856400,2025-11-26 22:17:57.717992 +00:00,2025-11-26 22:17:57.717992 +00:00
ETH,1h,2025-11-23 08:00:00.000000 +00:00,2792.3100000000,2814.2800000000,2792.2000000000,2810.1100000000,2537.6820608500,2025-11-26 22:17:57.717992 +00:00,2025-11-26 22:17:57.717992 +00:00
ETH,1h,2025-11-23 09:00:00.000000 +00:00,2810.1100000000,2821.8400000000,2804.7600000000,2815.1500000000,2129.7431055700,2025-11-26 22:17:57.717992 +00:00,2025-11-26 22:17:57.717992 +00:00
ETH,1h,2025-11-23 10:00:00.000000 +00:00,2815.1400000000,2815.3900000000,2801.5500000000,2807.0900000000,1787.8434093200,2025-11-26 22:17:57.717992 +00:00,2025-11-26 22:17:57.717992 +00:00
ETH,1h,2025-11-23 11:00:00.000000 +00:00,2807.0900000000,2820.0400000000,2801.1500000000,2814.3700000000,2177.4786379600,2025-11-26 22:17:57.717992 +00:00,2025-11-26 22:17:57.717992 +00:00
ETH,1h,2025-11-23 12:00:00.000000 +00:00,2814.3700000000,2844.8000000000,2812.4600000000,2833.7700000000,8050.1288610900,2025-11-26 22:17:57.717992 +00:00,2025-11-26 22:17:57.717992 +00:00
ETH,1h,2025-11-23 13:00:00.000000 +00:00,2833.7700000000,2844.5200000000,2821.0200000000,2842.9700000000,3131.3200430200,2025-11-26 22:17:57.717992 +00:00,2025-11-26 22:17:57.717992 +00:00
ETH,1h,2025-11-23 14:00:00.000000 +00:00,2842.9700000000,2857.1900000000,2810.4200000000,2813.7200000000,4470.5217542500,2025-11-26 22:17:57.717992 +00:00,2025-11-26 22:17:57.717992 +00:00
ETH,1h,2025-11-23 15:00:00.000000 +00:00,2813.7100000000,2839.2800000000,2807.8400000000,2835.4200000000,3526.3507522000,2025-11-26 22:17:57.717992 +00:00,2025-11-26 22:17:57.717992 +00:00
ETH,1h,2025-11-23 16:00:00.000000 +00:00,2835.4100000000,2845.9200000000,2797.2000000000,2799.1600000000,4297.2095416500,2025-11-26 22:17:57.717992 +00:00,2025-11-26 22:17:57.717992 +00:00
ETH,1h,2025-11-23 17:00:00.000000 +00:00,2799.1600000000,2807.2700000000,2785.7800000000,2791.6200000000,5778.3442424400,2025-11-26 22:17:57.717992 +00:00,2025-11-26 22:17:57.717992 +00:00
ETH,1h,2025-11-23 18:00:00.000000 +00:00,2791.6200000000,2816.2200000000,2791.6200000000,2807.7100000000,3099.2316231700,2025-11-26 22:17:57.717992 +00:00,2025-11-26 22:17:57.717992 +00:00
ETH,1h,2025-11-23 19:00:00.000000 +00:00,2807.7100000000,2837.3000000000,2805.4600000000,2821.5600000000,5514.5495313100,2025-11-26 22:17:57.717992 +00:00,2025-11-26 22:17:57.717992 +00:00
ETH,1h,2025-11-23 20:00:00.000000 +00:00,2821.5600000000,2834.9500000000,2820.1700000000,2827.4400000000,3374.8833891300,2025-11-26 22:17:57.717992 +00:00,2025-11-26 22:17:57.717992 +00:00
ETH,1h,2025-11-23 21:00:00.000000 +00:00,2827.4400000000,2844.1900000000,2815.9700000000,2840.7000000000,4122.8528794400,2025-11-26 22:17:57.717992 +00:00,2025-11-26 22:17:57.717992 +00:00
ETH,1h,2025-11-23 22:00:00.000000 +00:00,2840.7000000000,2843.9400000000,2822.8300000000,2837.8300000000,3433.3899888600,2025-11-26 22:17:57.717992 +00:00,2025-11-26 22:17:57.717992 +00:00
ETH,1h,2025-11-23 23:00:00.000000 +00:00,2838.0000000000,2843.2300000000,2793.6300000000,2801.1400000000,6031.3628343100,2025-11-26 22:17:57.717992 +00:00,2025-11-26 22:17:57.717992 +00:00
ETH,1h,2025-11-24 00:00:00.000000 +00:00,2801.1400000000,2802.2400000000,2762.0000000000,2786.8900000000,6959.3341037300,2025-11-26 22:17:57.717992 +00:00,2025-11-26 22:17:57.717992 +00:00
ETH,1h,2025-11-24 01:00:00.000000 +00:00,2787.1000000000,2806.5400000000,2777.0500000000,2804.9000000000,4011.1515579400,2025-11-26 22:17:57.717992 +00:00,2025-11-26 22:17:57.717992 +00:00
ETH,1h,2025-11-24 02:00:00.000000 +00:00,2804.9000000000,2864.9500000000,2802.9300000000,2839.3200000000,9668.0035945600,2025-11-26 22:17:57.717992 +00:00,2025-11-26 22:17:57.717992 +00:00
ETH,1h,2025-11-24 03:00:00.000000 +00:00,2839.3200000000,2865.7900000000,2832.7600000000,2855.2800000000,5230.6893135800,2025-11-26 22:17:57.717992 +00:00,2025-11-26 22:17:57.717992 +00:00
ETH,1h,2025-11-24 04:00:00.000000 +00:00,2855.2800000000,2869.3800000000,2801.7700000000,2823.7000000000,4224.7173459400,2025-11-26 22:17:57.717992 +00:00,2025-11-26 22:17:57.717992 +00:00
ETH,1h,2025-11-24 05:00:00.000000 +00:00,2823.7300000000,2884.1200000000,2821.6600000000,2865.5600000000,5516.8932492800,2025-11-26 22:17:57.717992 +00:00,2025-11-26 22:17:57.717992 +00:00
ETH,1h,2025-11-24 06:00:00.000000 +00:00,2865.5300000000,2867.3400000000,2827.9300000000,2838.0200000000,4165.7676224100,2025-11-26 22:17:57.717992 +00:00,2025-11-26 22:17:57.717992 +00:00
ETH,1h,2025-11-24 07:00:00.000000 +00:00,2838.0600000000,2843.5500000000,2822.3400000000,2828.6000000000,2787.6771006300,2025-11-26 22:17:57.717992 +00:00,2025-11-26 22:17:57.717992 +00:00
ETH,1h,2025-11-24 08:00:00.000000 +00:00,2828.6900000000,2841.2000000000,2820.4600000000,2837.3700000000,1879.7381018700,2025-11-26 22:17:57.717992 +00:00,2025-11-26 22:17:57.717992 +00:00
ETH,1h,2025-11-24 09:00:00.000000 +00:00,2837.3700000000,2837.5400000000,2786.3000000000,2796.5200000000,4766.0270091600,2025-11-26 22:17:57.717992 +00:00,2025-11-26 22:17:57.717992 +00:00
ETH,1h,2025-11-24 10:00:00.000000 +00:00,2796.3800000000,2806.4100000000,2792.1600000000,2797.6900000000,2145.7209900800,2025-11-26 22:17:57.717992 +00:00,2025-11-26 22:17:57.717992 +00:00
ETH,1h,2025-11-24 11:00:00.000000 +00:00,2797.5200000000,2806.8700000000,2788.1400000000,2801.8600000000,2180.4000183400,2025-11-26 22:17:57.717992 +00:00,2025-11-26 22:17:57.717992 +00:00
ETH,1h,2025-11-24 12:00:00.000000 +00:00,2801.8600000000,2811.0000000000,2793.6200000000,2802.3000000000,2811.9832545200,2025-11-26 22:17:57.717992 +00:00,2025-11-26 22:17:57.717992 +00:00
ETH,1h,2025-11-24 13:00:00.000000 +00:00,2802.3000000000,2827.9000000000,2801.1000000000,2813.8500000000,3999.8502995400,2025-11-26 22:17:57.717992 +00:00,2025-11-26 22:17:57.717992 +00:00
ETH,1h,2025-11-24 14:00:00.000000 +00:00,2814.0000000000,2848.0200000000,2783.2400000000,2831.1200000000,12106.2367012600,2025-11-26 22:17:57.717992 +00:00,2025-11-26 22:17:57.717992 +00:00
ETH,1h,2025-11-24 15:00:00.000000 +00:00,2831.1300000000,2859.0500000000,2810.8600000000,2844.9600000000,16913.0373984800,2025-11-26 22:17:57.717992 +00:00,2025-11-26 22:17:57.717992 +00:00
ETH,1h,2025-11-24 16:00:00.000000 +00:00,2844.9500000000,2875.0000000000,2840.7100000000,2857.5400000000,10541.0667504000,2025-11-26 22:17:57.717992 +00:00,2025-11-26 22:17:57.717992 +00:00
ETH,1h,2025-11-24 17:00:00.000000 +00:00,2857.5400000000,2943.8300000000,2854.6600000000,2938.4200000000,28948.1471039800,2025-11-26 22:17:57.717992 +00:00,2025-11-26 22:17:57.717992 +00:00
ETH,1h,2025-11-24 18:00:00.000000 +00:00,2939.0400000000,2962.6300000000,2927.6300000000,2956.8600000000,17558.7003885200,2025-11-26 22:17:57.717992 +00:00,2025-11-26 22:17:57.717992 +00:00
ETH,1h,2025-11-24 19:00:00.000000 +00:00,2956.8400000000,2979.8300000000,2953.5000000000,2958.5100000000,10210.2022381500,2025-11-26 22:17:57.717992 +00:00,2025-11-26 22:17:57.717992 +00:00
ETH,1h,2025-11-24 20:00:00.000000 +00:00,2958.4700000000,2985.8200000000,2951.3000000000,2971.9800000000,10959.5096751200,2025-11-26 22:17:57.717992 +00:00,2025-11-26 22:17:57.717992 +00:00
ETH,1h,2025-11-24 21:00:00.000000 +00:00,2971.9700000000,2973.3000000000,2947.0800000000,2958.5600000000,7449.1246189500,2025-11-26 22:17:57.717992 +00:00,2025-11-26 22:17:57.717992 +00:00
ETH,1h,2025-11-24 22:00:00.000000 +00:00,2958.5500000000,2979.5400000000,2951.3200000000,2959.8000000000,5101.0693782300,2025-11-26 22:17:57.717992 +00:00,2025-11-26 22:17:57.717992 +00:00
ETH,1h,2025-11-24 23:00:00.000000 +00:00,2959.6200000000,2967.9800000000,2950.9000000000,2952.5900000000,3779.1997782700,2025-11-26 22:17:57.717992 +00:00,2025-11-26 22:17:57.717992 +00:00
ETH,1h,2025-11-25 00:00:00.000000 +00:00,2952.5800000000,2952.5800000000,2929.7600000000,2942.5200000000,6207.0322147400,2025-11-26 22:17:57.717992 +00:00,2025-11-26 22:17:57.717992 +00:00
ETH,1h,2025-11-25 01:00:00.000000 +00:00,2942.6300000000,2947.6100000000,2917.0300000000,2918.2200000000,3740.2271479700,2025-11-26 22:17:57.717992 +00:00,2025-11-26 22:17:57.717992 +00:00
ETH,1h,2025-11-25 02:00:00.000000 +00:00,2918.2200000000,2933.8600000000,2907.4000000000,2930.2900000000,3985.6238966600,2025-11-26 22:17:57.717992 +00:00,2025-11-26 22:17:57.717992 +00:00
ETH,1h,2025-11-25 03:00:00.000000 +00:00,2930.2100000000,2935.9900000000,2903.1300000000,2911.0900000000,2959.3358566900,2025-11-26 22:17:57.717992 +00:00,2025-11-26 22:17:57.717992 +00:00
ETH,1h,2025-11-25 04:00:00.000000 +00:00,2911.0900000000,2942.1100000000,2909.0600000000,2936.9800000000,3383.2905533600,2025-11-26 22:17:57.717992 +00:00,2025-11-26 22:17:57.717992 +00:00
ETH,1h,2025-11-25 05:00:00.000000 +00:00,2937.0500000000,2937.9100000000,2918.3100000000,2927.8400000000,2771.5765112100,2025-11-26 22:17:57.717992 +00:00,2025-11-26 22:17:57.717992 +00:00
ETH,1h,2025-11-25 06:00:00.000000 +00:00,2927.8400000000,2928.1000000000,2911.0000000000,2921.9400000000,2615.9854819400,2025-11-26 22:17:57.717992 +00:00,2025-11-26 22:17:57.717992 +00:00
ETH,1h,2025-11-25 07:00:00.000000 +00:00,2922.0300000000,2925.0700000000,2900.0000000000,2902.2400000000,3383.3595342700,2025-11-26 22:17:57.717992 +00:00,2025-11-26 22:17:57.717992 +00:00
ETH,1h,2025-11-25 08:00:00.000000 +00:00,2902.2200000000,2908.2200000000,2867.0000000000,2871.1600000000,4667.4010599400,2025-11-26 22:17:57.717992 +00:00,2025-11-26 22:17:57.717992 +00:00
ETH,1h,2025-11-25 09:00:00.000000 +00:00,2871.1600000000,2892.4700000000,2864.2700000000,2891.3700000000,4696.0017362000,2025-11-26 22:17:57.717992 +00:00,2025-11-26 22:17:57.717992 +00:00
ETH,1h,2025-11-25 10:00:00.000000 +00:00,2891.3700000000,2899.5100000000,2879.1000000000,2897.8200000000,2228.0627897900,2025-11-26 22:17:57.717992 +00:00,2025-11-26 22:17:57.717992 +00:00
ETH,1h,2025-11-25 11:00:00.000000 +00:00,2897.6200000000,2899.2100000000,2887.4500000000,2890.3700000000,1619.6967854200,2025-11-26 22:17:57.717992 +00:00,2025-11-26 22:17:57.717992 +00:00
ETH,1h,2025-11-25 12:00:00.000000 +00:00,2890.3500000000,2931.6900000000,2889.1600000000,2926.5500000000,4518.1576801500,2025-11-26 22:17:57.717992 +00:00,2025-11-26 22:17:57.717992 +00:00
ETH,1h,2025-11-25 13:00:00.000000 +00:00,2926.6200000000,2933.7400000000,2896.9600000000,2906.4900000000,4184.6251213300,2025-11-26 22:17:57.717992 +00:00,2025-11-26 22:17:57.717992 +00:00
ETH,1h,2025-11-25 14:00:00.000000 +00:00,2906.4000000000,2921.0600000000,2854.9800000000,2879.9100000000,9466.5862372500,2025-11-26 22:17:57.717992 +00:00,2025-11-26 22:17:57.717992 +00:00
ETH,1h,2025-11-25 15:00:00.000000 +00:00,2879.9100000000,2914.8000000000,2855.4000000000,2894.4000000000,10004.4451877500,2025-11-26 22:17:57.717992 +00:00,2025-11-26 22:17:57.717992 +00:00
ETH,1h,2025-11-25 16:00:00.000000 +00:00,2894.3700000000,2936.9000000000,2885.8000000000,2927.5900000000,7964.7463177400,2025-11-26 22:17:57.717992 +00:00,2025-11-26 22:17:57.717992 +00:00
ETH,1h,2025-11-25 17:00:00.000000 +00:00,2927.5800000000,2950.8800000000,2918.7400000000,2934.9000000000,10192.3714519000,2025-11-26 22:17:57.717992 +00:00,2025-11-26 22:17:57.717992 +00:00
ETH,1h,2025-11-25 18:00:00.000000 +00:00,2934.8900000000,2957.4800000000,2921.4000000000,2922.7300000000,8262.2884754100,2025-11-26 22:17:57.717992 +00:00,2025-11-26 22:17:57.717992 +00:00
ETH,1h,2025-11-25 19:00:00.000000 +00:00,2922.7300000000,2926.7500000000,2870.5300000000,2921.6100000000,10781.6930340400,2025-11-26 22:17:57.717992 +00:00,2025-11-26 22:17:57.717992 +00:00
ETH,1h,2025-11-25 20:00:00.000000 +00:00,2921.2400000000,2942.3500000000,2915.5400000000,2927.9100000000,9183.2903797600,2025-11-26 22:17:57.717992 +00:00,2025-11-26 22:17:57.717992 +00:00
ETH,1h,2025-11-25 21:00:00.000000 +00:00,2928.6900000000,2944.6000000000,2921.5300000000,2929.9600000000,2973.0040849100,2025-11-26 22:17:57.717992 +00:00,2025-11-26 22:17:57.717992 +00:00
ETH,1h,2025-11-25 22:00:00.000000 +00:00,2929.9500000000,2975.9400000000,2905.9900000000,2969.8500000000,4485.4621094800,2025-11-26 22:17:57.717992 +00:00,2025-11-26 22:17:57.717992 +00:00
ETH,1h,2025-11-25 23:00:00.000000 +00:00,2968.8800000000,2979.0000000000,2951.9600000000,2958.1700000000,4878.8874266100,2025-11-26 22:17:57.717992 +00:00,2025-11-26 22:17:57.717992 +00:00
ETH,1h,2025-11-26 00:00:00.000000 +00:00,2958.1700000000,2971.0000000000,2948.6000000000,2953.3100000000,3635.2830848900,2025-11-26 22:17:57.717992 +00:00,2025-11-26 22:17:57.717992 +00:00
ETH,1h,2025-11-26 01:00:00.000000 +00:00,2953.3100000000,2982.2000000000,2943.9200000000,2968.8800000000,2601.3385995400,2025-11-26 22:17:57.717992 +00:00,2025-11-26 22:17:57.717992 +00:00
ETH,1h,2025-11-26 02:00:00.000000 +00:00,2968.8300000000,2975.3000000000,2954.8400000000,2955.5400000000,1577.9502834300,2025-11-26 22:17:57.717992 +00:00,2025-11-26 22:17:57.717992 +00:00
ETH,1h,2025-11-26 03:00:00.000000 +00:00,2955.5400000000,2963.8500000000,2919.6000000000,2925.5600000000,5342.5599861800,2025-11-26 22:17:57.717992 +00:00,2025-11-26 22:17:57.717992 +00:00
ETH,1h,2025-11-26 04:00:00.000000 +00:00,2925.5600000000,2938.6100000000,2919.2100000000,2929.8800000000,3145.0618053700,2025-11-26 22:17:57.717992 +00:00,2025-11-26 22:17:57.717992 +00:00
ETH,1h,2025-11-26 05:00:00.000000 +00:00,2929.7500000000,2951.4900000000,2929.0300000000,2943.0300000000,4540.8988575000,2025-11-26 22:17:57.717992 +00:00,2025-11-26 22:17:57.717992 +00:00
ETH,1h,2025-11-26 06:00:00.000000 +00:00,2943.0300000000,2953.4700000000,2931.9600000000,2945.2200000000,2646.7726012400,2025-11-26 22:17:57.717992 +00:00,2025-11-26 22:17:57.717992 +00:00
ETH,1h,2025-11-26 07:00:00.000000 +00:00,2945.2200000000,2948.8300000000,2933.5400000000,2943.7200000000,1703.4537158600,2025-11-26 22:17:57.717992 +00:00,2025-11-26 22:17:57.717992 +00:00
ETH,1h,2025-11-26 08:00:00.000000 +00:00,2943.7100000000,2948.1000000000,2910.7500000000,2911.7900000000,2928.3911301900,2025-11-26 22:17:57.717992 +00:00,2025-11-26 22:17:57.717992 +00:00
ETH,1h,2025-11-26 09:00:00.000000 +00:00,2911.7800000000,2916.6400000000,2901.0700000000,2906.0300000000,2810.9466195500,2025-11-26 22:17:57.717992 +00:00,2025-11-26 22:17:57.717992 +00:00
ETH,1h,2025-11-26 10:00:00.000000 +00:00,2906.4600000000,2917.1600000000,2904.8400000000,2911.6900000000,2136.7286340600,2025-11-26 22:17:57.717992 +00:00,2025-11-26 22:17:57.717992 +00:00
ETH,1h,2025-11-26 11:00:00.000000 +00:00,2911.2900000000,2917.0300000000,2905.8900000000,2913.8200000000,1701.0288521100,2025-11-26 22:17:57.717992 +00:00,2025-11-26 22:17:57.717992 +00:00
ETH,1h,2025-11-26 12:00:00.000000 +00:00,2913.8100000000,2917.6000000000,2887.8800000000,2901.0900000000,4448.5141954700,2025-11-26 22:17:57.717992 +00:00,2025-11-26 22:17:57.717992 +00:00
ETH,1h,2025-11-26 13:00:00.000000 +00:00,2901.0800000000,2936.1400000000,2898.7700000000,2933.1900000000,3434.9850583600,2025-11-26 22:17:57.717992 +00:00,2025-11-26 22:17:57.717992 +00:00
ETH,1h,2025-11-26 14:00:00.000000 +00:00,2933.1000000000,2947.0100000000,2904.1100000000,2909.5200000000,6741.5754962800,2025-11-26 22:17:57.717992 +00:00,2025-11-26 22:17:57.717992 +00:00
ETH,1h,2025-11-26 15:00:00.000000 +00:00,2909.6900000000,2938.9600000000,2906.3300000000,2926.4300000000,5707.4822812300,2025-11-26 22:17:57.717992 +00:00,2025-11-26 22:17:57.717992 +00:00
ETH,1h,2025-11-26 16:00:00.000000 +00:00,2926.4300000000,2958.6600000000,2925.0200000000,2945.2900000000,7331.2035097500,2025-11-26 22:17:57.717992 +00:00,2025-11-26 22:17:57.717992 +00:00
ETH,1h,2025-11-26 17:00:00.000000 +00:00,2945.2900000000,3032.5300000000,2938.1800000000,3026.3800000000,10482.3476660000,2025-11-26 22:17:57.717992 +00:00,2025-11-26 22:17:57.717992 +00:00
ETH,1h,2025-11-26 18:00:00.000000 +00:00,3026.5400000000,3044.7800000000,3012.3300000000,3033.8500000000,6864.8001034900,2025-11-26 22:17:57.717992 +00:00,2025-11-26 22:17:57.717992 +00:00
ETH,1h,2025-11-26 19:00:00.000000 +00:00,3033.8400000000,3038.9900000000,3017.3000000000,3032.0500000000,6172.2440548000,2025-11-26 22:17:57.717992 +00:00,2025-11-26 22:17:57.717992 +00:00
ETH,1h,2025-11-26 20:00:00.000000 +00:00,3032.0600000000,3032.1700000000,3007.4000000000,3025.8700000000,8105.3170323600,2025-11-26 22:17:57.717992 +00:00,2025-11-26 22:17:57.717992 +00:00
ETH,1h,2025-11-26 21:00:00.000000 +00:00,3024.5300000000,3036.5400000000,3015.3600000000,3021.8800000000,4562.2650838900,2025-11-26 22:17:57.717992 +00:00,2025-11-26 22:17:57.717992 +00:00
ETH,1h,2025-11-26 22:00:00.000000 +00:00,3021.7200000000,3033.3600000000,3018.2400000000,3027.4900000000,982.4585893800,2025-11-26 22:17:57.717992 +00:00,2025-11-26 22:17:57.717992 +00:00
